Algorithm:SimulatedAnnealing;Time[s]:1;Neighbourhood:SWAP;Diversification:OFF;Size:17;Road:39;BestRoad:39;RelativeError[%]:0
Algorithm:SimulatedAnnealing;Time[s]:1;Neighbourhood:SWAP;Diversification:OFF;Size:17;Road:39;BestRoad:39;RelativeError[%]:0
Algorithm:SimulatedAnnealing;Time[s]:1;Neighbourhood:SWAP;Diversification:OFF;Size:17;Road:39;BestRoad:39;RelativeError[%]:0
Algorithm:SimulatedAnnealing;Time[s]:1;Neighbourhood:SWAP;Diversification:OFF;Size:17;Road:39;BestRoad:39;RelativeError[%]:0
Algorithm:SimulatedAnnealing;Time[s]:1;Neighbourhood:SWAP;Diversification:OFF;Size:17;Road:39;BestRoad:39;RelativeError[%]:0
Algorithm:SimulatedAnnealing;Time[s]:2;Neighbourhood:SWAP;Diversification:OFF;Size:17;Road:39;BestRoad:39;RelativeError[%]:0
Algorithm:SimulatedAnnealing;Time[s]:2;Neighbourhood:SWAP;Diversification:OFF;Size:17;Road:39;BestRoad:39;RelativeError[%]:0
Algorithm:SimulatedAnnealing;Time[s]:2;Neighbourhood:SWAP;Diversification:OFF;Size:17;Road:39;BestRoad:39;RelativeError[%]:0
Algorithm:SimulatedAnnealing;Time[s]:2;Neighbourhood:SWAP;Diversification:OFF;Size:17;Road:39;BestRoad:39;RelativeError[%]:0
Algorithm:SimulatedAnnealing;Time[s]:2;Neighbourhood:SWAP;Diversification:OFF;Size:17;Road:39;BestRoad:39;RelativeError[%]:0
Algorithm:SimulatedAnnealing;Time[s]:3;Neighbourhood:SWAP;Diversification:OFF;Size:17;Road:39;BestRoad:39;RelativeError[%]:0
Algorithm:SimulatedAnnealing;Time[s]:3;Neighbourhood:SWAP;Diversification:OFF;Size:17;Road:41;BestRoad:39;RelativeError[%]:0.05128205128205128
Algorithm:SimulatedAnnealing;Time[s]:3;Neighbourhood:SWAP;Diversification:OFF;Size:17;Road:39;BestRoad:39;RelativeError[%]:0
Algorithm:SimulatedAnnealing;Time[s]:3;Neighbourhood:SWAP;Diversification:OFF;Size:17;Road:39;BestRoad:39;RelativeError[%]:0
Algorithm:SimulatedAnnealing;Time[s]:3;Neighbourhood:SWAP;Diversification:OFF;Size:17;Road:39;BestRoad:39;RelativeError[%]:0
Algorithm:SimulatedAnnealing;Time[s]:4;Neighbourhood:SWAP;Diversification:OFF;Size:17;Road:39;BestRoad:39;RelativeError[%]:0
Algorithm:SimulatedAnnealing;Time[s]:4;Neighbourhood:SWAP;Diversification:OFF;Size:17;Road:39;BestRoad:39;RelativeError[%]:0
Algorithm:SimulatedAnnealing;Time[s]:4;Neighbourhood:SWAP;Diversification:OFF;Size:17;Road:39;BestRoad:39;RelativeError[%]:0
Algorithm:SimulatedAnnealing;Time[s]:4;Neighbourhood:SWAP;Diversification:OFF;Size:17;Road:39;BestRoad:39;RelativeError[%]:0
Algorithm:SimulatedAnnealing;Time[s]:4;Neighbourhood:SWAP;Diversification:OFF;Size:17;Road:39;BestRoad:39;RelativeError[%]:0
Algorithm:SimulatedAnnealing;Time[s]:5;Neighbourhood:SWAP;Diversification:OFF;Size:17;Road:39;BestRoad:39;RelativeError[%]:0
Algorithm:SimulatedAnnealing;Time[s]:5;Neighbourhood:SWAP;Diversification:OFF;Size:17;Road:39;BestRoad:39;RelativeError[%]:0
Algorithm:SimulatedAnnealing;Time[s]:5;Neighbourhood:SWAP;Diversification:OFF;Size:17;Road:39;BestRoad:39;RelativeError[%]:0
Algorithm:SimulatedAnnealing;Time[s]:5;Neighbourhood:SWAP;Diversification:OFF;Size:17;Road:40;BestRoad:39;RelativeError[%]:0.02564102564102564
Algorithm:SimulatedAnnealing;Time[s]:5;Neighbourhood:SWAP;Diversification:OFF;Size:17;Road:40;BestRoad:39;RelativeError[%]:0.02564102564102564
Algorithm:SimulatedAnnealing;Time[s]:1;Neighbourhood:REVERSE;Diversification:OFF;Size:17;Road:39;BestRoad:39;RelativeError[%]:0
Algorithm:SimulatedAnnealing;Time[s]:1;Neighbourhood:REVERSE;Diversification:OFF;Size:17;Road:39;BestRoad:39;RelativeError[%]:0
Algorithm:SimulatedAnnealing;Time[s]:1;Neighbourhood:REVERSE;Diversification:OFF;Size:17;Road:39;BestRoad:39;RelativeError[%]:0
Algorithm:SimulatedAnnealing;Time[s]:1;Neighbourhood:REVERSE;Diversification:OFF;Size:17;Road:39;BestRoad:39;RelativeError[%]:0
Algorithm:SimulatedAnnealing;Time[s]:1;Neighbourhood:REVERSE;Diversification:OFF;Size:17;Road:39;BestRoad:39;RelativeError[%]:0
Algorithm:SimulatedAnnealing;Time[s]:2;Neighbourhood:REVERSE;Diversification:OFF;Size:17;Road:39;BestRoad:39;RelativeError[%]:0
Algorithm:SimulatedAnnealing;Time[s]:2;Neighbourhood:REVERSE;Diversification:OFF;Size:17;Road:39;BestRoad:39;RelativeError[%]:0
Algorithm:SimulatedAnnealing;Time[s]:2;Neighbourhood:REVERSE;Diversification:OFF;Size:17;Road:39;BestRoad:39;RelativeError[%]:0
Algorithm:SimulatedAnnealing;Time[s]:2;Neighbourhood:REVERSE;Diversification:OFF;Size:17;Road:39;BestRoad:39;RelativeError[%]:0
Algorithm:SimulatedAnnealing;Time[s]:2;Neighbourhood:REVERSE;Diversification:OFF;Size:17;Road:39;BestRoad:39;RelativeError[%]:0
Algorithm:SimulatedAnnealing;Time[s]:3;Neighbourhood:REVERSE;Diversification:OFF;Size:17;Road:39;BestRoad:39;RelativeError[%]:0
Algorithm:SimulatedAnnealing;Time[s]:3;Neighbourhood:REVERSE;Diversification:OFF;Size:17;Road:39;BestRoad:39;RelativeError[%]:0
Algorithm:SimulatedAnnealing;Time[s]:3;Neighbourhood:REVERSE;Diversification:OFF;Size:17;Road:39;BestRoad:39;RelativeError[%]:0
Algorithm:SimulatedAnnealing;Time[s]:3;Neighbourhood:REVERSE;Diversification:OFF;Size:17;Road:39;BestRoad:39;RelativeError[%]:0
Algorithm:SimulatedAnnealing;Time[s]:3;Neighbourhood:REVERSE;Diversification:OFF;Size:17;Road:39;BestRoad:39;RelativeError[%]:0
Algorithm:SimulatedAnnealing;Time[s]:4;Neighbourhood:REVERSE;Diversification:OFF;Size:17;Road:39;BestRoad:39;RelativeError[%]:0
Algorithm:SimulatedAnnealing;Time[s]:4;Neighbourhood:REVERSE;Diversification:OFF;Size:17;Road:39;BestRoad:39;RelativeError[%]:0
Algorithm:SimulatedAnnealing;Time[s]:4;Neighbourhood:REVERSE;Diversification:OFF;Size:17;Road:39;BestRoad:39;RelativeError[%]:0
Algorithm:SimulatedAnnealing;Time[s]:4;Neighbourhood:REVERSE;Diversification:OFF;Size:17;Road:39;BestRoad:39;RelativeError[%]:0
Algorithm:SimulatedAnnealing;Time[s]:4;Neighbourhood:REVERSE;Diversification:OFF;Size:17;Road:39;BestRoad:39;RelativeError[%]:0
Algorithm:SimulatedAnnealing;Time[s]:5;Neighbourhood:REVERSE;Diversification:OFF;Size:17;Road:39;BestRoad:39;RelativeError[%]:0
Algorithm:SimulatedAnnealing;Time[s]:5;Neighbourhood:REVERSE;Diversification:OFF;Size:17;Road:39;BestRoad:39;RelativeError[%]:0
Algorithm:SimulatedAnnealing;Time[s]:5;Neighbourhood:REVERSE;Diversification:OFF;Size:17;Road:39;BestRoad:39;RelativeError[%]:0
Algorithm:SimulatedAnnealing;Time[s]:5;Neighbourhood:REVERSE;Diversification:OFF;Size:17;Road:39;BestRoad:39;RelativeError[%]:0
Algorithm:SimulatedAnnealing;Time[s]:5;Neighbourhood:REVERSE;Diversification:OFF;Size:17;Road:39;BestRoad:39;RelativeError[%]:0
Algorithm:TabuSearch;Time[s]:1;Neighbourhood:SWAP;Diversification:OFF;Size:17;Road:40;BestRoad:39;RelativeError[%]:0.02564102564102564
Algorithm:TabuSearch;Time[s]:1;Neighbourhood:SWAP;Diversification:OFF;Size:17;Road:40;BestRoad:39;RelativeError[%]:0.02564102564102564
Algorithm:TabuSearch;Time[s]:1;Neighbourhood:SWAP;Diversification:OFF;Size:17;Road:40;BestRoad:39;RelativeError[%]:0.02564102564102564
Algorithm:TabuSearch;Time[s]:1;Neighbourhood:SWAP;Diversification:OFF;Size:17;Road:40;BestRoad:39;RelativeError[%]:0.02564102564102564
Algorithm:TabuSearch;Time[s]:1;Neighbourhood:SWAP;Diversification:OFF;Size:17;Road:40;BestRoad:39;RelativeError[%]:0.02564102564102564
Algorithm:TabuSearch;Time[s]:2;Neighbourhood:SWAP;Diversification:OFF;Size:17;Road:40;BestRoad:39;RelativeError[%]:0.02564102564102564
Algorithm:TabuSearch;Time[s]:2;Neighbourhood:SWAP;Diversification:OFF;Size:17;Road:40;BestRoad:39;RelativeError[%]:0.02564102564102564
Algorithm:TabuSearch;Time[s]:2;Neighbourhood:SWAP;Diversification:OFF;Size:17;Road:40;BestRoad:39;RelativeError[%]:0.02564102564102564
Algorithm:TabuSearch;Time[s]:2;Neighbourhood:SWAP;Diversification:OFF;Size:17;Road:40;BestRoad:39;RelativeError[%]:0.02564102564102564
Algorithm:TabuSearch;Time[s]:2;Neighbourhood:SWAP;Diversification:OFF;Size:17;Road:40;BestRoad:39;RelativeError[%]:0.02564102564102564
Algorithm:TabuSearch;Time[s]:3;Neighbourhood:SWAP;Diversification:OFF;Size:17;Road:40;BestRoad:39;RelativeError[%]:0.02564102564102564
Algorithm:TabuSearch;Time[s]:3;Neighbourhood:SWAP;Diversification:OFF;Size:17;Road:40;BestRoad:39;RelativeError[%]:0.02564102564102564
Algorithm:TabuSearch;Time[s]:3;Neighbourhood:SWAP;Diversification:OFF;Size:17;Road:40;BestRoad:39;RelativeError[%]:0.02564102564102564
Algorithm:TabuSearch;Time[s]:3;Neighbourhood:SWAP;Diversification:OFF;Size:17;Road:40;BestRoad:39;RelativeError[%]:0.02564102564102564
Algorithm:TabuSearch;Time[s]:3;Neighbourhood:SWAP;Diversification:OFF;Size:17;Road:40;BestRoad:39;RelativeError[%]:0.02564102564102564
Algorithm:TabuSearch;Time[s]:4;Neighbourhood:SWAP;Diversification:OFF;Size:17;Road:40;BestRoad:39;RelativeError[%]:0.02564102564102564
Algorithm:TabuSearch;Time[s]:4;Neighbourhood:SWAP;Diversification:OFF;Size:17;Road:40;BestRoad:39;RelativeError[%]:0.02564102564102564
Algorithm:TabuSearch;Time[s]:4;Neighbourhood:SWAP;Diversification:OFF;Size:17;Road:40;BestRoad:39;RelativeError[%]:0.02564102564102564
Algorithm:TabuSearch;Time[s]:4;Neighbourhood:SWAP;Diversification:OFF;Size:17;Road:40;BestRoad:39;RelativeError[%]:0.02564102564102564
Algorithm:TabuSearch;Time[s]:4;Neighbourhood:SWAP;Diversification:OFF;Size:17;Road:40;BestRoad:39;RelativeError[%]:0.02564102564102564
Algorithm:TabuSearch;Time[s]:5;Neighbourhood:SWAP;Diversification:OFF;Size:17;Road:40;BestRoad:39;RelativeError[%]:0.02564102564102564
Algorithm:TabuSearch;Time[s]:5;Neighbourhood:SWAP;Diversification:OFF;Size:17;Road:40;BestRoad:39;RelativeError[%]:0.02564102564102564
Algorithm:TabuSearch;Time[s]:5;Neighbourhood:SWAP;Diversification:OFF;Size:17;Road:40;BestRoad:39;RelativeError[%]:0.02564102564102564
Algorithm:TabuSearch;Time[s]:5;Neighbourhood:SWAP;Diversification:OFF;Size:17;Road:40;BestRoad:39;RelativeError[%]:0.02564102564102564
Algorithm:TabuSearch;Time[s]:5;Neighbourhood:SWAP;Diversification:OFF;Size:17;Road:40;BestRoad:39;RelativeError[%]:0.02564102564102564
Algorithm:TabuSearch;Time[s]:1;Neighbourhood:REVERSE;Diversification:OFF;Size:17;Road:39;BestRoad:39;RelativeError[%]:0
Algorithm:TabuSearch;Time[s]:1;Neighbourhood:REVERSE;Diversification:OFF;Size:17;Road:39;BestRoad:39;RelativeError[%]:0
Algorithm:TabuSearch;Time[s]:1;Neighbourhood:REVERSE;Diversification:OFF;Size:17;Road:39;BestRoad:39;RelativeError[%]:0
Algorithm:TabuSearch;Time[s]:1;Neighbourhood:REVERSE;Diversification:OFF;Size:17;Road:39;BestRoad:39;RelativeError[%]:0
Algorithm:TabuSearch;Time[s]:1;Neighbourhood:REVERSE;Diversification:OFF;Size:17;Road:39;BestRoad:39;RelativeError[%]:0
Algorithm:TabuSearch;Time[s]:2;Neighbourhood:REVERSE;Diversification:OFF;Size:17;Road:39;BestRoad:39;RelativeError[%]:0
Algorithm:TabuSearch;Time[s]:2;Neighbourhood:REVERSE;Diversification:OFF;Size:17;Road:39;BestRoad:39;RelativeError[%]:0
Algorithm:TabuSearch;Time[s]:2;Neighbourhood:REVERSE;Diversification:OFF;Size:17;Road:39;BestRoad:39;RelativeError[%]:0
Algorithm:TabuSearch;Time[s]:2;Neighbourhood:REVERSE;Diversification:OFF;Size:17;Road:39;BestRoad:39;RelativeError[%]:0
Algorithm:TabuSearch;Time[s]:2;Neighbourhood:REVERSE;Diversification:OFF;Size:17;Road:39;BestRoad:39;RelativeError[%]:0
Algorithm:TabuSearch;Time[s]:3;Neighbourhood:REVERSE;Diversification:OFF;Size:17;Road:39;BestRoad:39;RelativeError[%]:0
Algorithm:TabuSearch;Time[s]:3;Neighbourhood:REVERSE;Diversification:OFF;Size:17;Road:39;BestRoad:39;RelativeError[%]:0
Algorithm:TabuSearch;Time[s]:3;Neighbourhood:REVERSE;Diversification:OFF;Size:17;Road:39;BestRoad:39;RelativeError[%]:0
Algorithm:TabuSearch;Time[s]:3;Neighbourhood:REVERSE;Diversification:OFF;Size:17;Road:39;BestRoad:39;RelativeError[%]:0
Algorithm:TabuSearch;Time[s]:3;Neighbourhood:REVERSE;Diversification:OFF;Size:17;Road:39;BestRoad:39;RelativeError[%]:0
Algorithm:TabuSearch;Time[s]:4;Neighbourhood:REVERSE;Diversification:OFF;Size:17;Road:39;BestRoad:39;RelativeError[%]:0
Algorithm:TabuSearch;Time[s]:4;Neighbourhood:REVERSE;Diversification:OFF;Size:17;Road:39;BestRoad:39;RelativeError[%]:0
Algorithm:TabuSearch;Time[s]:4;Neighbourhood:REVERSE;Diversification:OFF;Size:17;Road:39;BestRoad:39;RelativeError[%]:0
Algorithm:TabuSearch;Time[s]:4;Neighbourhood:REVERSE;Diversification:OFF;Size:17;Road:39;BestRoad:39;RelativeError[%]:0
Algorithm:TabuSearch;Time[s]:4;Neighbourhood:REVERSE;Diversification:OFF;Size:17;Road:39;BestRoad:39;RelativeError[%]:0
Algorithm:TabuSearch;Time[s]:5;Neighbourhood:REVERSE;Diversification:OFF;Size:17;Road:39;BestRoad:39;RelativeError[%]:0
Algorithm:TabuSearch;Time[s]:5;Neighbourhood:REVERSE;Diversification:OFF;Size:17;Road:39;BestRoad:39;RelativeError[%]:0
Algorithm:TabuSearch;Time[s]:5;Neighbourhood:REVERSE;Diversification:OFF;Size:17;Road:39;BestRoad:39;RelativeError[%]:0
Algorithm:TabuSearch;Time[s]:5;Neighbourhood:REVERSE;Diversification:OFF;Size:17;Road:39;BestRoad:39;RelativeError[%]:0
Algorithm:TabuSearch;Time[s]:5;Neighbourhood:REVERSE;Diversification:OFF;Size:17;Road:39;BestRoad:39;RelativeError[%]:0
Algorithm:TabuSearch;Time[s]:1;Neighbourhood:SWAP;Diversification:ON;Size:17;Road:40;BestRoad:39;RelativeError[%]:0.02564102564102564
Algorithm:TabuSearch;Time[s]:1;Neighbourhood:SWAP;Diversification:ON;Size:17;Road:40;BestRoad:39;RelativeError[%]:0.02564102564102564
Algorithm:TabuSearch;Time[s]:1;Neighbourhood:SWAP;Diversification:ON;Size:17;Road:40;BestRoad:39;RelativeError[%]:0.02564102564102564
Algorithm:TabuSearch;Time[s]:1;Neighbourhood:SWAP;Diversification:ON;Size:17;Road:40;BestRoad:39;RelativeError[%]:0.02564102564102564
Algorithm:TabuSearch;Time[s]:1;Neighbourhood:SWAP;Diversification:ON;Size:17;Road:40;BestRoad:39;RelativeError[%]:0.02564102564102564
Algorithm:TabuSearch;Time[s]:2;Neighbourhood:SWAP;Diversification:ON;Size:17;Road:40;BestRoad:39;RelativeError[%]:0.02564102564102564
Algorithm:TabuSearch;Time[s]:2;Neighbourhood:SWAP;Diversification:ON;Size:17;Road:40;BestRoad:39;RelativeError[%]:0.02564102564102564
Algorithm:TabuSearch;Time[s]:2;Neighbourhood:SWAP;Diversification:ON;Size:17;Road:40;BestRoad:39;RelativeError[%]:0.02564102564102564
Algorithm:TabuSearch;Time[s]:2;Neighbourhood:SWAP;Diversification:ON;Size:17;Road:40;BestRoad:39;RelativeError[%]:0.02564102564102564
Algorithm:TabuSearch;Time[s]:2;Neighbourhood:SWAP;Diversification:ON;Size:17;Road:40;BestRoad:39;RelativeError[%]:0.02564102564102564
Algorithm:TabuSearch;Time[s]:3;Neighbourhood:SWAP;Diversification:ON;Size:17;Road:40;BestRoad:39;RelativeError[%]:0.02564102564102564
Algorithm:TabuSearch;Time[s]:3;Neighbourhood:SWAP;Diversification:ON;Size:17;Road:40;BestRoad:39;RelativeError[%]:0.02564102564102564
Algorithm:TabuSearch;Time[s]:3;Neighbourhood:SWAP;Diversification:ON;Size:17;Road:40;BestRoad:39;RelativeError[%]:0.02564102564102564
Algorithm:TabuSearch;Time[s]:3;Neighbourhood:SWAP;Diversification:ON;Size:17;Road:40;BestRoad:39;RelativeError[%]:0.02564102564102564
Algorithm:TabuSearch;Time[s]:3;Neighbourhood:SWAP;Diversification:ON;Size:17;Road:40;BestRoad:39;RelativeError[%]:0.02564102564102564
Algorithm:TabuSearch;Time[s]:4;Neighbourhood:SWAP;Diversification:ON;Size:17;Road:40;BestRoad:39;RelativeError[%]:0.02564102564102564
Algorithm:TabuSearch;Time[s]:4;Neighbourhood:SWAP;Diversification:ON;Size:17;Road:40;BestRoad:39;RelativeError[%]:0.02564102564102564
Algorithm:TabuSearch;Time[s]:4;Neighbourhood:SWAP;Diversification:ON;Size:17;Road:40;BestRoad:39;RelativeError[%]:0.02564102564102564
Algorithm:TabuSearch;Time[s]:4;Neighbourhood:SWAP;Diversification:ON;Size:17;Road:40;BestRoad:39;RelativeError[%]:0.02564102564102564
Algorithm:TabuSearch;Time[s]:4;Neighbourhood:SWAP;Diversification:ON;Size:17;Road:40;BestRoad:39;RelativeError[%]:0.02564102564102564
Algorithm:TabuSearch;Time[s]:5;Neighbourhood:SWAP;Diversification:ON;Size:17;Road:40;BestRoad:39;RelativeError[%]:0.02564102564102564
Algorithm:TabuSearch;Time[s]:5;Neighbourhood:SWAP;Diversification:ON;Size:17;Road:40;BestRoad:39;RelativeError[%]:0.02564102564102564
Algorithm:TabuSearch;Time[s]:5;Neighbourhood:SWAP;Diversification:ON;Size:17;Road:40;BestRoad:39;RelativeError[%]:0.02564102564102564
Algorithm:TabuSearch;Time[s]:5;Neighbourhood:SWAP;Diversification:ON;Size:17;Road:40;BestRoad:39;RelativeError[%]:0.02564102564102564
Algorithm:TabuSearch;Time[s]:5;Neighbourhood:SWAP;Diversification:ON;Size:17;Road:40;BestRoad:39;RelativeError[%]:0.02564102564102564
Algorithm:TabuSearch;Time[s]:1;Neighbourhood:REVERSE;Diversification:ON;Size:17;Road:39;BestRoad:39;RelativeError[%]:0
Algorithm:TabuSearch;Time[s]:1;Neighbourhood:REVERSE;Diversification:ON;Size:17;Road:39;BestRoad:39;RelativeError[%]:0
Algorithm:TabuSearch;Time[s]:1;Neighbourhood:REVERSE;Diversification:ON;Size:17;Road:39;BestRoad:39;RelativeError[%]:0
Algorithm:TabuSearch;Time[s]:1;Neighbourhood:REVERSE;Diversification:ON;Size:17;Road:39;BestRoad:39;RelativeError[%]:0
Algorithm:TabuSearch;Time[s]:1;Neighbourhood:REVERSE;Diversification:ON;Size:17;Road:39;BestRoad:39;RelativeError[%]:0
Algorithm:TabuSearch;Time[s]:2;Neighbourhood:REVERSE;Diversification:ON;Size:17;Road:39;BestRoad:39;RelativeError[%]:0
Algorithm:TabuSearch;Time[s]:2;Neighbourhood:REVERSE;Diversification:ON;Size:17;Road:39;BestRoad:39;RelativeError[%]:0
Algorithm:TabuSearch;Time[s]:2;Neighbourhood:REVERSE;Diversification:ON;Size:17;Road:39;BestRoad:39;RelativeError[%]:0
Algorithm:TabuSearch;Time[s]:2;Neighbourhood:REVERSE;Diversification:ON;Size:17;Road:39;BestRoad:39;RelativeError[%]:0
Algorithm:TabuSearch;Time[s]:2;Neighbourhood:REVERSE;Diversification:ON;Size:17;Road:39;BestRoad:39;RelativeError[%]:0
Algorithm:TabuSearch;Time[s]:3;Neighbourhood:REVERSE;Diversification:ON;Size:17;Road:39;BestRoad:39;RelativeError[%]:0
Algorithm:TabuSearch;Time[s]:3;Neighbourhood:REVERSE;Diversification:ON;Size:17;Road:39;BestRoad:39;RelativeError[%]:0
Algorithm:TabuSearch;Time[s]:3;Neighbourhood:REVERSE;Diversification:ON;Size:17;Road:39;BestRoad:39;RelativeError[%]:0
Algorithm:TabuSearch;Time[s]:3;Neighbourhood:REVERSE;Diversification:ON;Size:17;Road:39;BestRoad:39;RelativeError[%]:0
Algorithm:TabuSearch;Time[s]:3;Neighbourhood:REVERSE;Diversification:ON;Size:17;Road:39;BestRoad:39;RelativeError[%]:0
Algorithm:TabuSearch;Time[s]:4;Neighbourhood:REVERSE;Diversification:ON;Size:17;Road:39;BestRoad:39;RelativeError[%]:0
Algorithm:TabuSearch;Time[s]:4;Neighbourhood:REVERSE;Diversification:ON;Size:17;Road:39;BestRoad:39;RelativeError[%]:0
Algorithm:TabuSearch;Time[s]:4;Neighbourhood:REVERSE;Diversification:ON;Size:17;Road:39;BestRoad:39;RelativeError[%]:0
Algorithm:TabuSearch;Time[s]:4;Neighbourhood:REVERSE;Diversification:ON;Size:17;Road:39;BestRoad:39;RelativeError[%]:0
Algorithm:TabuSearch;Time[s]:4;Neighbourhood:REVERSE;Diversification:ON;Size:17;Road:39;BestRoad:39;RelativeError[%]:0
Algorithm:TabuSearch;Time[s]:5;Neighbourhood:REVERSE;Diversification:ON;Size:17;Road:39;BestRoad:39;RelativeError[%]:0
Algorithm:TabuSearch;Time[s]:5;Neighbourhood:REVERSE;Diversification:ON;Size:17;Road:39;BestRoad:39;RelativeError[%]:0
Algorithm:TabuSearch;Time[s]:5;Neighbourhood:REVERSE;Diversification:ON;Size:17;Road:39;BestRoad:39;RelativeError[%]:0
Algorithm:TabuSearch;Time[s]:5;Neighbourhood:REVERSE;Diversification:ON;Size:17;Road:39;BestRoad:39;RelativeError[%]:0
Algorithm:TabuSearch;Time[s]:5;Neighbourhood:REVERSE;Diversification:ON;Size:17;Road:39;BestRoad:39;RelativeError[%]:0
Algorithm:SimulatedAnnealing;Time[s]:2;Neighbourhood:SWAP;Diversification:ON;Size:65;Road:2614;BestRoad:1839;RelativeError[%]:0.4214246873300707
Algorithm:SimulatedAnnealing;Time[s]:2;Neighbourhood:SWAP;Diversification:ON;Size:65;Road:2558;BestRoad:1839;RelativeError[%]:0.39097335508428493
Algorithm:SimulatedAnnealing;Time[s]:2;Neighbourhood:SWAP;Diversification:ON;Size:65;Road:2406;BestRoad:1839;RelativeError[%]:0.3083197389885807
Algorithm:SimulatedAnnealing;Time[s]:2;Neighbourhood:SWAP;Diversification:ON;Size:65;Road:2476;BestRoad:1839;RelativeError[%]:0.34638390429581295
Algorithm:SimulatedAnnealing;Time[s]:2;Neighbourhood:SWAP;Diversification:ON;Size:65;Road:2405;BestRoad:1839;RelativeError[%]:0.30777596519847744
Algorithm:SimulatedAnnealing;Time[s]:4;Neighbourhood:SWAP;Diversification:ON;Size:65;Road:2528;BestRoad:1839;RelativeError[%]:0.3746601413811854
Algorithm:SimulatedAnnealing;Time[s]:4;Neighbourhood:SWAP;Diversification:ON;Size:65;Road:2403;BestRoad:1839;RelativeError[%]:0.3066884176182708
Algorithm:SimulatedAnnealing;Time[s]:4;Neighbourhood:SWAP;Diversification:ON;Size:65;Road:2457;BestRoad:1839;RelativeError[%]:0.3360522022838499
Algorithm:SimulatedAnnealing;Time[s]:4;Neighbourhood:SWAP;Diversification:ON;Size:65;Road:2382;BestRoad:1839;RelativeError[%]:0.29526916802610115
Algorithm:SimulatedAnnealing;Time[s]:4;Neighbourhood:SWAP;Diversification:ON;Size:65;Road:2337;BestRoad:1839;RelativeError[%]:0.2707993474714519
Algorithm:SimulatedAnnealing;Time[s]:6;Neighbourhood:SWAP;Diversification:ON;Size:65;Road:2140;BestRoad:1839;RelativeError[%]:0.16367591082109842
Algorithm:SimulatedAnnealing;Time[s]:6;Neighbourhood:SWAP;Diversification:ON;Size:65;Road:2225;BestRoad:1839;RelativeError[%]:0.20989668297988037
Algorithm:SimulatedAnnealing;Time[s]:6;Neighbourhood:SWAP;Diversification:ON;Size:65;Road:2462;BestRoad:1839;RelativeError[%]:0.3387710712343665
Algorithm:SimulatedAnnealing;Time[s]:6;Neighbourhood:SWAP;Diversification:ON;Size:65;Road:2477;BestRoad:1839;RelativeError[%]:0.34692767808591624
Algorithm:SimulatedAnnealing;Time[s]:6;Neighbourhood:SWAP;Diversification:ON;Size:65;Road:2417;BestRoad:1839;RelativeError[%]:0.31430125067971726
Algorithm:SimulatedAnnealing;Time[s]:8;Neighbourhood:SWAP;Diversification:ON;Size:65;Road:2401;BestRoad:1839;RelativeError[%]:0.3056008700380642
Algorithm:SimulatedAnnealing;Time[s]:8;Neighbourhood:SWAP;Diversification:ON;Size:65;Road:2462;BestRoad:1839;RelativeError[%]:0.3387710712343665
Algorithm:SimulatedAnnealing;Time[s]:8;Neighbourhood:SWAP;Diversification:ON;Size:65;Road:2451;BestRoad:1839;RelativeError[%]:0.33278955954323003
Algorithm:SimulatedAnnealing;Time[s]:8;Neighbourhood:SWAP;Diversification:ON;Size:65;Road:2265;BestRoad:1839;RelativeError[%]:0.23164763458401305
Algorithm:SimulatedAnnealing;Time[s]:8;Neighbourhood:SWAP;Diversification:ON;Size:65;Road:2272;BestRoad:1839;RelativeError[%]:0.23545405111473627
Algorithm:SimulatedAnnealing;Time[s]:10;Neighbourhood:SWAP;Diversification:ON;Size:65;Road:2368;BestRoad:1839;RelativeError[%]:0.2876563349646547
Algorithm:SimulatedAnnealing;Time[s]:10;Neighbourhood:SWAP;Diversification:ON;Size:65;Road:2462;BestRoad:1839;RelativeError[%]:0.3387710712343665
Algorithm:SimulatedAnnealing;Time[s]:10;Neighbourhood:SWAP;Diversification:ON;Size:65;Road:2385;BestRoad:1839;RelativeError[%]:0.2969004893964111
Algorithm:SimulatedAnnealing;Time[s]:10;Neighbourhood:SWAP;Diversification:ON;Size:65;Road:2427;BestRoad:1839;RelativeError[%]:0.3197389885807504
Algorithm:SimulatedAnnealing;Time[s]:10;Neighbourhood:SWAP;Diversification:ON;Size:65;Road:2526;BestRoad:1839;RelativeError[%]:0.3735725938009788
Algorithm:SimulatedAnnealing;Time[s]:2;Neighbourhood:REVERSE;Diversification:ON;Size:65;Road:3771;BestRoad:1839;RelativeError[%]:1.0505709624796085
Algorithm:SimulatedAnnealing;Time[s]:2;Neighbourhood:REVERSE;Diversification:ON;Size:65;Road:3654;BestRoad:1839;RelativeError[%]:0.9869494290375204
Algorithm:SimulatedAnnealing;Time[s]:2;Neighbourhood:REVERSE;Diversification:ON;Size:65;Road:3542;BestRoad:1839;RelativeError[%]:0.9260467645459489
Algorithm:SimulatedAnnealing;Time[s]:2;Neighbourhood:REVERSE;Diversification:ON;Size:65;Road:3288;BestRoad:1839;RelativeError[%]:0.7879282218597063
Algorithm:SimulatedAnnealing;Time[s]:2;Neighbourhood:REVERSE;Diversification:ON;Size:65;Road:3440;BestRoad:1839;RelativeError[%]:0.8705818379554106
Algorithm:SimulatedAnnealing;Time[s]:4;Neighbourhood:REVERSE;Diversification:ON;Size:65;Road:3150;BestRoad:1839;RelativeError[%]:0.7128874388254486
Algorithm:SimulatedAnnealing;Time[s]:4;Neighbourhood:REVERSE;Diversification:ON;Size:65;Road:3385;BestRoad:1839;RelativeError[%]:0.8406742794997281
Algorithm:SimulatedAnnealing;Time[s]:4;Neighbourhood:REVERSE;Diversification:ON;Size:65;Road:3106;BestRoad:1839;RelativeError[%]:0.6889613920609027
Algorithm:SimulatedAnnealing;Time[s]:4;Neighbourhood:REVERSE;Diversification:ON;Size:65;Road:2894;BestRoad:1839;RelativeError[%]:0.5736813485589994
Algorithm:SimulatedAnnealing;Time[s]:4;Neighbourhood:REVERSE;Diversification:ON;Size:65;Road:3122;BestRoad:1839;RelativeError[%]:0.6976617727025557
Algorithm:SimulatedAnnealing;Time[s]:6;Neighbourhood:REVERSE;Diversification:ON;Size:65;Road:3628;BestRoad:1839;RelativeError[%]:0.9728113104948342
Algorithm:SimulatedAnnealing;Time[s]:6;Neighbourhood:REVERSE;Diversification:ON;Size:65;Road:3354;BestRoad:1839;RelativeError[%]:0.8238172920065253
Algorithm:SimulatedAnnealing;Time[s]:6;Neighbourhood:REVERSE;Diversification:ON;Size:65;Road:3495;BestRoad:1839;RelativeError[%]:0.9004893964110929
Algorithm:SimulatedAnnealing;Time[s]:6;Neighbourhood:REVERSE;Diversification:ON;Size:65;Road:2944;BestRoad:1839;RelativeError[%]:0.6008700380641653
Algorithm:SimulatedAnnealing;Time[s]:6;Neighbourhood:REVERSE;Diversification:ON;Size:65;Road:3383;BestRoad:1839;RelativeError[%]:0.8395867319195215
Algorithm:SimulatedAnnealing;Time[s]:8;Neighbourhood:REVERSE;Diversification:ON;Size:65;Road:3409;BestRoad:1839;RelativeError[%]:0.8537248504622077
Algorithm:SimulatedAnnealing;Time[s]:8;Neighbourhood:REVERSE;Diversification:ON;Size:65;Road:3693;BestRoad:1839;RelativeError[%]:1.0081566068515497
Algorithm:SimulatedAnnealing;Time[s]:8;Neighbourhood:REVERSE;Diversification:ON;Size:65;Road:3350;BestRoad:1839;RelativeError[%]:0.8216421968461121
Algorithm:SimulatedAnnealing;Time[s]:8;Neighbourhood:REVERSE;Diversification:ON;Size:65;Road:3213;BestRoad:1839;RelativeError[%]:0.7471451876019576
Algorithm:SimulatedAnnealing;Time[s]:8;Neighbourhood:REVERSE;Diversification:ON;Size:65;Road:3000;BestRoad:1839;RelativeError[%]:0.6313213703099511
Algorithm:SimulatedAnnealing;Time[s]:10;Neighbourhood:REVERSE;Diversification:ON;Size:65;Road:3371;BestRoad:1839;RelativeError[%]:0.8330614464382817
Algorithm:SimulatedAnnealing;Time[s]:10;Neighbourhood:REVERSE;Diversification:ON;Size:65;Road:3528;BestRoad:1839;RelativeError[%]:0.9184339314845025
Algorithm:SimulatedAnnealing;Time[s]:10;Neighbourhood:REVERSE;Diversification:ON;Size:65;Road:3417;BestRoad:1839;RelativeError[%]:0.8580750407830342
Algorithm:SimulatedAnnealing;Time[s]:10;Neighbourhood:REVERSE;Diversification:ON;Size:65;Road:3606;BestRoad:1839;RelativeError[%]:0.9608482871125612
Algorithm:SimulatedAnnealing;Time[s]:10;Neighbourhood:REVERSE;Diversification:ON;Size:65;Road:3100;BestRoad:1839;RelativeError[%]:0.6856987493202827
Algorithm:TabuSearch;Time[s]:2;Neighbourhood:SWAP;Diversification:OFF;Size:65;Road:2687;BestRoad:1839;RelativeError[%]:0.46112017400761285
Algorithm:TabuSearch;Time[s]:2;Neighbourhood:SWAP;Diversification:OFF;Size:65;Road:2687;BestRoad:1839;RelativeError[%]:0.46112017400761285
Algorithm:TabuSearch;Time[s]:2;Neighbourhood:SWAP;Diversification:OFF;Size:65;Road:2687;BestRoad:1839;RelativeError[%]:0.46112017400761285
Algorithm:TabuSearch;Time[s]:2;Neighbourhood:SWAP;Diversification:OFF;Size:65;Road:2687;BestRoad:1839;RelativeError[%]:0.46112017400761285
Algorithm:TabuSearch;Time[s]:2;Neighbourhood:SWAP;Diversification:OFF;Size:65;Road:2687;BestRoad:1839;RelativeError[%]:0.46112017400761285
Algorithm:TabuSearch;Time[s]:4;Neighbourhood:SWAP;Diversification:OFF;Size:65;Road:2687;BestRoad:1839;RelativeError[%]:0.46112017400761285
Algorithm:TabuSearch;Time[s]:4;Neighbourhood:SWAP;Diversification:OFF;Size:65;Road:2687;BestRoad:1839;RelativeError[%]:0.46112017400761285
Algorithm:TabuSearch;Time[s]:4;Neighbourhood:SWAP;Diversification:OFF;Size:65;Road:2687;BestRoad:1839;RelativeError[%]:0.46112017400761285
Algorithm:TabuSearch;Time[s]:4;Neighbourhood:SWAP;Diversification:OFF;Size:65;Road:2687;BestRoad:1839;RelativeError[%]:0.46112017400761285
Algorithm:TabuSearch;Time[s]:4;Neighbourhood:SWAP;Diversification:OFF;Size:65;Road:2687;BestRoad:1839;RelativeError[%]:0.46112017400761285
Algorithm:TabuSearch;Time[s]:6;Neighbourhood:SWAP;Diversification:OFF;Size:65;Road:2687;BestRoad:1839;RelativeError[%]:0.46112017400761285
Algorithm:TabuSearch;Time[s]:6;Neighbourhood:SWAP;Diversification:OFF;Size:65;Road:2687;BestRoad:1839;RelativeError[%]:0.46112017400761285
Algorithm:TabuSearch;Time[s]:6;Neighbourhood:SWAP;Diversification:OFF;Size:65;Road:2687;BestRoad:1839;RelativeError[%]:0.46112017400761285
Algorithm:TabuSearch;Time[s]:6;Neighbourhood:SWAP;Diversification:OFF;Size:65;Road:2687;BestRoad:1839;RelativeError[%]:0.46112017400761285
Algorithm:TabuSearch;Time[s]:6;Neighbourhood:SWAP;Diversification:OFF;Size:65;Road:2687;BestRoad:1839;RelativeError[%]:0.46112017400761285
Algorithm:TabuSearch;Time[s]:8;Neighbourhood:SWAP;Diversification:OFF;Size:65;Road:2687;BestRoad:1839;RelativeError[%]:0.46112017400761285
Algorithm:TabuSearch;Time[s]:8;Neighbourhood:SWAP;Diversification:OFF;Size:65;Road:2687;BestRoad:1839;RelativeError[%]:0.46112017400761285
Algorithm:TabuSearch;Time[s]:8;Neighbourhood:SWAP;Diversification:OFF;Size:65;Road:2687;BestRoad:1839;RelativeError[%]:0.46112017400761285
Algorithm:TabuSearch;Time[s]:8;Neighbourhood:SWAP;Diversification:OFF;Size:65;Road:2687;BestRoad:1839;RelativeError[%]:0.46112017400761285
Algorithm:TabuSearch;Time[s]:8;Neighbourhood:SWAP;Diversification:OFF;Size:65;Road:2687;BestRoad:1839;RelativeError[%]:0.46112017400761285
Algorithm:TabuSearch;Time[s]:10;Neighbourhood:SWAP;Diversification:OFF;Size:65;Road:2687;BestRoad:1839;RelativeError[%]:0.46112017400761285
Algorithm:TabuSearch;Time[s]:10;Neighbourhood:SWAP;Diversification:OFF;Size:65;Road:2687;BestRoad:1839;RelativeError[%]:0.46112017400761285
Algorithm:TabuSearch;Time[s]:10;Neighbourhood:SWAP;Diversification:OFF;Size:65;Road:2687;BestRoad:1839;RelativeError[%]:0.46112017400761285
Algorithm:TabuSearch;Time[s]:10;Neighbourhood:SWAP;Diversification:OFF;Size:65;Road:2687;BestRoad:1839;RelativeError[%]:0.46112017400761285
Algorithm:TabuSearch;Time[s]:10;Neighbourhood:SWAP;Diversification:OFF;Size:65;Road:2687;BestRoad:1839;RelativeError[%]:0.46112017400761285
Algorithm:TabuSearch;Time[s]:2;Neighbourhood:REVERSE;Diversification:OFF;Size:65;Road:3966;BestRoad:1839;RelativeError[%]:1.1566068515497554
Algorithm:TabuSearch;Time[s]:2;Neighbourhood:REVERSE;Diversification:OFF;Size:65;Road:3966;BestRoad:1839;RelativeError[%]:1.1566068515497554
Algorithm:TabuSearch;Time[s]:2;Neighbourhood:REVERSE;Diversification:OFF;Size:65;Road:3966;BestRoad:1839;RelativeError[%]:1.1566068515497554
Algorithm:TabuSearch;Time[s]:2;Neighbourhood:REVERSE;Diversification:OFF;Size:65;Road:3966;BestRoad:1839;RelativeError[%]:1.1566068515497554
Algorithm:TabuSearch;Time[s]:2;Neighbourhood:REVERSE;Diversification:OFF;Size:65;Road:3966;BestRoad:1839;RelativeError[%]:1.1566068515497554
Algorithm:TabuSearch;Time[s]:4;Neighbourhood:REVERSE;Diversification:OFF;Size:65;Road:3966;BestRoad:1839;RelativeError[%]:1.1566068515497554
Algorithm:TabuSearch;Time[s]:4;Neighbourhood:REVERSE;Diversification:OFF;Size:65;Road:3966;BestRoad:1839;RelativeError[%]:1.1566068515497554
Algorithm:TabuSearch;Time[s]:4;Neighbourhood:REVERSE;Diversification:OFF;Size:65;Road:3966;BestRoad:1839;RelativeError[%]:1.1566068515497554
Algorithm:TabuSearch;Time[s]:4;Neighbourhood:REVERSE;Diversification:OFF;Size:65;Road:3966;BestRoad:1839;RelativeError[%]:1.1566068515497554
Algorithm:TabuSearch;Time[s]:4;Neighbourhood:REVERSE;Diversification:OFF;Size:65;Road:3966;BestRoad:1839;RelativeError[%]:1.1566068515497554
Algorithm:TabuSearch;Time[s]:6;Neighbourhood:REVERSE;Diversification:OFF;Size:65;Road:3966;BestRoad:1839;RelativeError[%]:1.1566068515497554
Algorithm:TabuSearch;Time[s]:6;Neighbourhood:REVERSE;Diversification:OFF;Size:65;Road:3966;BestRoad:1839;RelativeError[%]:1.1566068515497554
Algorithm:TabuSearch;Time[s]:6;Neighbourhood:REVERSE;Diversification:OFF;Size:65;Road:3966;BestRoad:1839;RelativeError[%]:1.1566068515497554
Algorithm:TabuSearch;Time[s]:6;Neighbourhood:REVERSE;Diversification:OFF;Size:65;Road:3966;BestRoad:1839;RelativeError[%]:1.1566068515497554
Algorithm:TabuSearch;Time[s]:6;Neighbourhood:REVERSE;Diversification:OFF;Size:65;Road:3966;BestRoad:1839;RelativeError[%]:1.1566068515497554
Algorithm:TabuSearch;Time[s]:8;Neighbourhood:REVERSE;Diversification:OFF;Size:65;Road:3966;BestRoad:1839;RelativeError[%]:1.1566068515497554
Algorithm:TabuSearch;Time[s]:8;Neighbourhood:REVERSE;Diversification:OFF;Size:65;Road:3966;BestRoad:1839;RelativeError[%]:1.1566068515497554
Algorithm:TabuSearch;Time[s]:8;Neighbourhood:REVERSE;Diversification:OFF;Size:65;Road:3966;BestRoad:1839;RelativeError[%]:1.1566068515497554
Algorithm:TabuSearch;Time[s]:8;Neighbourhood:REVERSE;Diversification:OFF;Size:65;Road:3966;BestRoad:1839;RelativeError[%]:1.1566068515497554
Algorithm:TabuSearch;Time[s]:8;Neighbourhood:REVERSE;Diversification:OFF;Size:65;Road:3966;BestRoad:1839;RelativeError[%]:1.1566068515497554
Algorithm:TabuSearch;Time[s]:10;Neighbourhood:REVERSE;Diversification:OFF;Size:65;Road:3966;BestRoad:1839;RelativeError[%]:1.1566068515497554
Algorithm:TabuSearch;Time[s]:10;Neighbourhood:REVERSE;Diversification:OFF;Size:65;Road:3966;BestRoad:1839;RelativeError[%]:1.1566068515497554
Algorithm:TabuSearch;Time[s]:10;Neighbourhood:REVERSE;Diversification:OFF;Size:65;Road:3966;BestRoad:1839;RelativeError[%]:1.1566068515497554
Algorithm:TabuSearch;Time[s]:10;Neighbourhood:REVERSE;Diversification:OFF;Size:65;Road:3966;BestRoad:1839;RelativeError[%]:1.1566068515497554
Algorithm:TabuSearch;Time[s]:10;Neighbourhood:REVERSE;Diversification:OFF;Size:65;Road:3966;BestRoad:1839;RelativeError[%]:1.1566068515497554
Algorithm:TabuSearch;Time[s]:2;Neighbourhood:SWAP;Diversification:ON;Size:65;Road:2687;BestRoad:1839;RelativeError[%]:0.46112017400761285
Algorithm:TabuSearch;Time[s]:2;Neighbourhood:SWAP;Diversification:ON;Size:65;Road:2687;BestRoad:1839;RelativeError[%]:0.46112017400761285
Algorithm:TabuSearch;Time[s]:2;Neighbourhood:SWAP;Diversification:ON;Size:65;Road:2687;BestRoad:1839;RelativeError[%]:0.46112017400761285
Algorithm:TabuSearch;Time[s]:2;Neighbourhood:SWAP;Diversification:ON;Size:65;Road:2687;BestRoad:1839;RelativeError[%]:0.46112017400761285
Algorithm:TabuSearch;Time[s]:2;Neighbourhood:SWAP;Diversification:ON;Size:65;Road:2687;BestRoad:1839;RelativeError[%]:0.46112017400761285
Algorithm:TabuSearch;Time[s]:4;Neighbourhood:SWAP;Diversification:ON;Size:65;Road:2687;BestRoad:1839;RelativeError[%]:0.46112017400761285
Algorithm:TabuSearch;Time[s]:4;Neighbourhood:SWAP;Diversification:ON;Size:65;Road:2687;BestRoad:1839;RelativeError[%]:0.46112017400761285
Algorithm:TabuSearch;Time[s]:4;Neighbourhood:SWAP;Diversification:ON;Size:65;Road:2687;BestRoad:1839;RelativeError[%]:0.46112017400761285
Algorithm:TabuSearch;Time[s]:4;Neighbourhood:SWAP;Diversification:ON;Size:65;Road:2687;BestRoad:1839;RelativeError[%]:0.46112017400761285
Algorithm:TabuSearch;Time[s]:4;Neighbourhood:SWAP;Diversification:ON;Size:65;Road:2687;BestRoad:1839;RelativeError[%]:0.46112017400761285
Algorithm:TabuSearch;Time[s]:6;Neighbourhood:SWAP;Diversification:ON;Size:65;Road:2687;BestRoad:1839;RelativeError[%]:0.46112017400761285
Algorithm:TabuSearch;Time[s]:6;Neighbourhood:SWAP;Diversification:ON;Size:65;Road:2687;BestRoad:1839;RelativeError[%]:0.46112017400761285
Algorithm:TabuSearch;Time[s]:6;Neighbourhood:SWAP;Diversification:ON;Size:65;Road:2687;BestRoad:1839;RelativeError[%]:0.46112017400761285
Algorithm:TabuSearch;Time[s]:6;Neighbourhood:SWAP;Diversification:ON;Size:65;Road:2687;BestRoad:1839;RelativeError[%]:0.46112017400761285
Algorithm:TabuSearch;Time[s]:6;Neighbourhood:SWAP;Diversification:ON;Size:65;Road:2687;BestRoad:1839;RelativeError[%]:0.46112017400761285
Algorithm:TabuSearch;Time[s]:8;Neighbourhood:SWAP;Diversification:ON;Size:65;Road:2687;BestRoad:1839;RelativeError[%]:0.46112017400761285
Algorithm:TabuSearch;Time[s]:8;Neighbourhood:SWAP;Diversification:ON;Size:65;Road:2687;BestRoad:1839;RelativeError[%]:0.46112017400761285
Algorithm:TabuSearch;Time[s]:8;Neighbourhood:SWAP;Diversification:ON;Size:65;Road:2687;BestRoad:1839;RelativeError[%]:0.46112017400761285
Algorithm:TabuSearch;Time[s]:8;Neighbourhood:SWAP;Diversification:ON;Size:65;Road:2687;BestRoad:1839;RelativeError[%]:0.46112017400761285
Algorithm:TabuSearch;Time[s]:8;Neighbourhood:SWAP;Diversification:ON;Size:65;Road:2687;BestRoad:1839;RelativeError[%]:0.46112017400761285
Algorithm:TabuSearch;Time[s]:10;Neighbourhood:SWAP;Diversification:ON;Size:65;Road:2687;BestRoad:1839;RelativeError[%]:0.46112017400761285
Algorithm:TabuSearch;Time[s]:10;Neighbourhood:SWAP;Diversification:ON;Size:65;Road:2687;BestRoad:1839;RelativeError[%]:0.46112017400761285
Algorithm:TabuSearch;Time[s]:10;Neighbourhood:SWAP;Diversification:ON;Size:65;Road:2687;BestRoad:1839;RelativeError[%]:0.46112017400761285
Algorithm:TabuSearch;Time[s]:10;Neighbourhood:SWAP;Diversification:ON;Size:65;Road:2687;BestRoad:1839;RelativeError[%]:0.46112017400761285
Algorithm:TabuSearch;Time[s]:10;Neighbourhood:SWAP;Diversification:ON;Size:65;Road:2687;BestRoad:1839;RelativeError[%]:0.46112017400761285
Algorithm:TabuSearch;Time[s]:2;Neighbourhood:REVERSE;Diversification:ON;Size:65;Road:3966;BestRoad:1839;RelativeError[%]:1.1566068515497554
Algorithm:TabuSearch;Time[s]:2;Neighbourhood:REVERSE;Diversification:ON;Size:65;Road:3966;BestRoad:1839;RelativeError[%]:1.1566068515497554
Algorithm:TabuSearch;Time[s]:2;Neighbourhood:REVERSE;Diversification:ON;Size:65;Road:3966;BestRoad:1839;RelativeError[%]:1.1566068515497554
Algorithm:TabuSearch;Time[s]:2;Neighbourhood:REVERSE;Diversification:ON;Size:65;Road:3966;BestRoad:1839;RelativeError[%]:1.1566068515497554
Algorithm:TabuSearch;Time[s]:2;Neighbourhood:REVERSE;Diversification:ON;Size:65;Road:3966;BestRoad:1839;RelativeError[%]:1.1566068515497554
Algorithm:TabuSearch;Time[s]:4;Neighbourhood:REVERSE;Diversification:ON;Size:65;Road:3966;BestRoad:1839;RelativeError[%]:1.1566068515497554
Algorithm:TabuSearch;Time[s]:4;Neighbourhood:REVERSE;Diversification:ON;Size:65;Road:3966;BestRoad:1839;RelativeError[%]:1.1566068515497554
Algorithm:TabuSearch;Time[s]:4;Neighbourhood:REVERSE;Diversification:ON;Size:65;Road:3966;BestRoad:1839;RelativeError[%]:1.1566068515497554
Algorithm:TabuSearch;Time[s]:4;Neighbourhood:REVERSE;Diversification:ON;Size:65;Road:3966;BestRoad:1839;RelativeError[%]:1.1566068515497554
Algorithm:TabuSearch;Time[s]:4;Neighbourhood:REVERSE;Diversification:ON;Size:65;Road:3966;BestRoad:1839;RelativeError[%]:1.1566068515497554
Algorithm:TabuSearch;Time[s]:6;Neighbourhood:REVERSE;Diversification:ON;Size:65;Road:3966;BestRoad:1839;RelativeError[%]:1.1566068515497554
Algorithm:TabuSearch;Time[s]:6;Neighbourhood:REVERSE;Diversification:ON;Size:65;Road:3966;BestRoad:1839;RelativeError[%]:1.1566068515497554
Algorithm:TabuSearch;Time[s]:6;Neighbourhood:REVERSE;Diversification:ON;Size:65;Road:3966;BestRoad:1839;RelativeError[%]:1.1566068515497554
Algorithm:TabuSearch;Time[s]:6;Neighbourhood:REVERSE;Diversification:ON;Size:65;Road:3966;BestRoad:1839;RelativeError[%]:1.1566068515497554
Algorithm:TabuSearch;Time[s]:6;Neighbourhood:REVERSE;Diversification:ON;Size:65;Road:3966;BestRoad:1839;RelativeError[%]:1.1566068515497554
Algorithm:TabuSearch;Time[s]:8;Neighbourhood:REVERSE;Diversification:ON;Size:65;Road:3966;BestRoad:1839;RelativeError[%]:1.1566068515497554
Algorithm:TabuSearch;Time[s]:8;Neighbourhood:REVERSE;Diversification:ON;Size:65;Road:3966;BestRoad:1839;RelativeError[%]:1.1566068515497554
Algorithm:TabuSearch;Time[s]:8;Neighbourhood:REVERSE;Diversification:ON;Size:65;Road:3966;BestRoad:1839;RelativeError[%]:1.1566068515497554
Algorithm:TabuSearch;Time[s]:8;Neighbourhood:REVERSE;Diversification:ON;Size:65;Road:3966;BestRoad:1839;RelativeError[%]:1.1566068515497554
Algorithm:TabuSearch;Time[s]:8;Neighbourhood:REVERSE;Diversification:ON;Size:65;Road:3966;BestRoad:1839;RelativeError[%]:1.1566068515497554
Algorithm:TabuSearch;Time[s]:10;Neighbourhood:REVERSE;Diversification:ON;Size:65;Road:3966;BestRoad:1839;RelativeError[%]:1.1566068515497554
Algorithm:TabuSearch;Time[s]:10;Neighbourhood:REVERSE;Diversification:ON;Size:65;Road:3966;BestRoad:1839;RelativeError[%]:1.1566068515497554
Algorithm:TabuSearch;Time[s]:10;Neighbourhood:REVERSE;Diversification:ON;Size:65;Road:3966;BestRoad:1839;RelativeError[%]:1.1566068515497554
Algorithm:TabuSearch;Time[s]:10;Neighbourhood:REVERSE;Diversification:ON;Size:65;Road:3966;BestRoad:1839;RelativeError[%]:1.1566068515497554
Algorithm:TabuSearch;Time[s]:10;Neighbourhood:REVERSE;Diversification:ON;Size:65;Road:3966;BestRoad:1839;RelativeError[%]:1.1566068515497554
Algorithm:SimulatedAnnealing;Time[s]:10;Neighbourhood:SWAP;Diversification:ON;Size:443;Road:2793;BestRoad:2720;RelativeError[%]:0.026838235294117645
Algorithm:SimulatedAnnealing;Time[s]:10;Neighbourhood:SWAP;Diversification:ON;Size:443;Road:2831;BestRoad:2720;RelativeError[%]:0.040808823529411765
Algorithm:SimulatedAnnealing;Time[s]:10;Neighbourhood:SWAP;Diversification:ON;Size:443;Road:2809;BestRoad:2720;RelativeError[%]:0.03272058823529412
Algorithm:SimulatedAnnealing;Time[s]:10;Neighbourhood:SWAP;Diversification:ON;Size:443;Road:2842;BestRoad:2720;RelativeError[%]:0.04485294117647059
Algorithm:SimulatedAnnealing;Time[s]:10;Neighbourhood:SWAP;Diversification:ON;Size:443;Road:2811;BestRoad:2720;RelativeError[%]:0.033455882352941176
Algorithm:SimulatedAnnealing;Time[s]:20;Neighbourhood:SWAP;Diversification:ON;Size:443;Road:2813;BestRoad:2720;RelativeError[%]:0.03419117647058824
Algorithm:SimulatedAnnealing;Time[s]:20;Neighbourhood:SWAP;Diversification:ON;Size:443;Road:2808;BestRoad:2720;RelativeError[%]:0.03235294117647059
Algorithm:SimulatedAnnealing;Time[s]:20;Neighbourhood:SWAP;Diversification:ON;Size:443;Road:2847;BestRoad:2720;RelativeError[%]:0.046691176470588236
Algorithm:SimulatedAnnealing;Time[s]:20;Neighbourhood:SWAP;Diversification:ON;Size:443;Road:2767;BestRoad:2720;RelativeError[%]:0.017279411764705883
Algorithm:SimulatedAnnealing;Time[s]:20;Neighbourhood:SWAP;Diversification:ON;Size:443;Road:2792;BestRoad:2720;RelativeError[%]:0.026470588235294117
Algorithm:SimulatedAnnealing;Time[s]:30;Neighbourhood:SWAP;Diversification:ON;Size:443;Road:2818;BestRoad:2720;RelativeError[%]:0.03602941176470588
Algorithm:SimulatedAnnealing;Time[s]:30;Neighbourhood:SWAP;Diversification:ON;Size:443;Road:2800;BestRoad:2720;RelativeError[%]:0.029411764705882353
Algorithm:SimulatedAnnealing;Time[s]:30;Neighbourhood:SWAP;Diversification:ON;Size:443;Road:2822;BestRoad:2720;RelativeError[%]:0.0375
Algorithm:SimulatedAnnealing;Time[s]:30;Neighbourhood:SWAP;Diversification:ON;Size:443;Road:2782;BestRoad:2720;RelativeError[%]:0.022794117647058822
Algorithm:SimulatedAnnealing;Time[s]:30;Neighbourhood:SWAP;Diversification:ON;Size:443;Road:2779;BestRoad:2720;RelativeError[%]:0.021691176470588235
Algorithm:SimulatedAnnealing;Time[s]:40;Neighbourhood:SWAP;Diversification:ON;Size:443;Road:2804;BestRoad:2720;RelativeError[%]:0.030882352941176472
Algorithm:SimulatedAnnealing;Time[s]:40;Neighbourhood:SWAP;Diversification:ON;Size:443;Road:2815;BestRoad:2720;RelativeError[%]:0.034926470588235295
Algorithm:SimulatedAnnealing;Time[s]:40;Neighbourhood:SWAP;Diversification:ON;Size:443;Road:2784;BestRoad:2720;RelativeError[%]:0.023529411764705882
Algorithm:SimulatedAnnealing;Time[s]:40;Neighbourhood:SWAP;Diversification:ON;Size:443;Road:2784;BestRoad:2720;RelativeError[%]:0.023529411764705882
Algorithm:SimulatedAnnealing;Time[s]:40;Neighbourhood:SWAP;Diversification:ON;Size:443;Road:2785;BestRoad:2720;RelativeError[%]:0.02389705882352941
Algorithm:SimulatedAnnealing;Time[s]:50;Neighbourhood:SWAP;Diversification:ON;Size:443;Road:2786;BestRoad:2720;RelativeError[%]:0.02426470588235294
Algorithm:SimulatedAnnealing;Time[s]:50;Neighbourhood:SWAP;Diversification:ON;Size:443;Road:2791;BestRoad:2720;RelativeError[%]:0.02610294117647059
Algorithm:SimulatedAnnealing;Time[s]:50;Neighbourhood:SWAP;Diversification:ON;Size:443;Road:2791;BestRoad:2720;RelativeError[%]:0.02610294117647059
Algorithm:SimulatedAnnealing;Time[s]:50;Neighbourhood:SWAP;Diversification:ON;Size:443;Road:2822;BestRoad:2720;RelativeError[%]:0.0375
Algorithm:SimulatedAnnealing;Time[s]:50;Neighbourhood:SWAP;Diversification:ON;Size:443;Road:2788;BestRoad:2720;RelativeError[%]:0.025
Algorithm:SimulatedAnnealing;Time[s]:10;Neighbourhood:REVERSE;Diversification:ON;Size:443;Road:5042;BestRoad:2720;RelativeError[%]:0.8536764705882353
Algorithm:SimulatedAnnealing;Time[s]:10;Neighbourhood:REVERSE;Diversification:ON;Size:443;Road:5192;BestRoad:2720;RelativeError[%]:0.9088235294117647
Algorithm:SimulatedAnnealing;Time[s]:10;Neighbourhood:REVERSE;Diversification:ON;Size:443;Road:5221;BestRoad:2720;RelativeError[%]:0.919485294117647
Algorithm:SimulatedAnnealing;Time[s]:10;Neighbourhood:REVERSE;Diversification:ON;Size:443;Road:5053;BestRoad:2720;RelativeError[%]:0.8577205882352941
Algorithm:SimulatedAnnealing;Time[s]:10;Neighbourhood:REVERSE;Diversification:ON;Size:443;Road:5064;BestRoad:2720;RelativeError[%]:0.861764705882353
Algorithm:SimulatedAnnealing;Time[s]:20;Neighbourhood:REVERSE;Diversification:ON;Size:443;Road:5279;BestRoad:2720;RelativeError[%]:0.9408088235294118
Algorithm:SimulatedAnnealing;Time[s]:20;Neighbourhood:REVERSE;Diversification:ON;Size:443;Road:5188;BestRoad:2720;RelativeError[%]:0.9073529411764706
Algorithm:SimulatedAnnealing;Time[s]:20;Neighbourhood:REVERSE;Diversification:ON;Size:443;Road:5009;BestRoad:2720;RelativeError[%]:0.8415441176470588
Algorithm:SimulatedAnnealing;Time[s]:20;Neighbourhood:REVERSE;Diversification:ON;Size:443;Road:5087;BestRoad:2720;RelativeError[%]:0.8702205882352941
Algorithm:SimulatedAnnealing;Time[s]:20;Neighbourhood:REVERSE;Diversification:ON;Size:443;Road:5286;BestRoad:2720;RelativeError[%]:0.9433823529411764
Algorithm:SimulatedAnnealing;Time[s]:30;Neighbourhood:REVERSE;Diversification:ON;Size:443;Road:5235;BestRoad:2720;RelativeError[%]:0.9246323529411765
Algorithm:SimulatedAnnealing;Time[s]:30;Neighbourhood:REVERSE;Diversification:ON;Size:443;Road:5332;BestRoad:2720;RelativeError[%]:0.9602941176470589
Algorithm:SimulatedAnnealing;Time[s]:30;Neighbourhood:REVERSE;Diversification:ON;Size:443;Road:5128;BestRoad:2720;RelativeError[%]:0.8852941176470588
Algorithm:SimulatedAnnealing;Time[s]:30;Neighbourhood:REVERSE;Diversification:ON;Size:443;Road:4965;BestRoad:2720;RelativeError[%]:0.8253676470588235
Algorithm:SimulatedAnnealing;Time[s]:30;Neighbourhood:REVERSE;Diversification:ON;Size:443;Road:5178;BestRoad:2720;RelativeError[%]:0.9036764705882353
Algorithm:SimulatedAnnealing;Time[s]:40;Neighbourhood:REVERSE;Diversification:ON;Size:443;Road:5159;BestRoad:2720;RelativeError[%]:0.8966911764705883
Algorithm:SimulatedAnnealing;Time[s]:40;Neighbourhood:REVERSE;Diversification:ON;Size:443;Road:5245;BestRoad:2720;RelativeError[%]:0.9283088235294118
Algorithm:SimulatedAnnealing;Time[s]:40;Neighbourhood:REVERSE;Diversification:ON;Size:443;Road:5259;BestRoad:2720;RelativeError[%]:0.9334558823529412
Algorithm:SimulatedAnnealing;Time[s]:40;Neighbourhood:REVERSE;Diversification:ON;Size:443;Road:5086;BestRoad:2720;RelativeError[%]:0.8698529411764706
Algorithm:SimulatedAnnealing;Time[s]:40;Neighbourhood:REVERSE;Diversification:ON;Size:443;Road:5142;BestRoad:2720;RelativeError[%]:0.8904411764705882
Algorithm:SimulatedAnnealing;Time[s]:50;Neighbourhood:REVERSE;Diversification:ON;Size:443;Road:5227;BestRoad:2720;RelativeError[%]:0.9216911764705882
Algorithm:SimulatedAnnealing;Time[s]:50;Neighbourhood:REVERSE;Diversification:ON;Size:443;Road:5257;BestRoad:2720;RelativeError[%]:0.9327205882352941
Algorithm:SimulatedAnnealing;Time[s]:50;Neighbourhood:REVERSE;Diversification:ON;Size:443;Road:5138;BestRoad:2720;RelativeError[%]:0.8889705882352941
Algorithm:SimulatedAnnealing;Time[s]:50;Neighbourhood:REVERSE;Diversification:ON;Size:443;Road:5112;BestRoad:2720;RelativeError[%]:0.8794117647058823
Algorithm:SimulatedAnnealing;Time[s]:50;Neighbourhood:REVERSE;Diversification:ON;Size:443;Road:5185;BestRoad:2720;RelativeError[%]:0.90625
Algorithm:TabuSearch;Time[s]:10;Neighbourhood:SWAP;Diversification:OFF;Size:443;Road:8031;BestRoad:2720;RelativeError[%]:1.9525735294117648
Algorithm:TabuSearch;Time[s]:10;Neighbourhood:SWAP;Diversification:OFF;Size:443;Road:8010;BestRoad:2720;RelativeError[%]:1.9448529411764706
Algorithm:TabuSearch;Time[s]:10;Neighbourhood:SWAP;Diversification:OFF;Size:443;Road:8028;BestRoad:2720;RelativeError[%]:1.951470588235294
Algorithm:TabuSearch;Time[s]:10;Neighbourhood:SWAP;Diversification:OFF;Size:443;Road:8028;BestRoad:2720;RelativeError[%]:1.951470588235294
Algorithm:TabuSearch;Time[s]:10;Neighbourhood:SWAP;Diversification:OFF;Size:443;Road:8028;BestRoad:2720;RelativeError[%]:1.951470588235294
Algorithm:TabuSearch;Time[s]:20;Neighbourhood:SWAP;Diversification:OFF;Size:443;Road:7562;BestRoad:2720;RelativeError[%]:1.7801470588235293
Algorithm:TabuSearch;Time[s]:20;Neighbourhood:SWAP;Diversification:OFF;Size:443;Road:7563;BestRoad:2720;RelativeError[%]:1.780514705882353
Algorithm:TabuSearch;Time[s]:20;Neighbourhood:SWAP;Diversification:OFF;Size:443;Road:7539;BestRoad:2720;RelativeError[%]:1.7716911764705883
Algorithm:TabuSearch;Time[s]:20;Neighbourhood:SWAP;Diversification:OFF;Size:443;Road:7557;BestRoad:2720;RelativeError[%]:1.7783088235294118
Algorithm:TabuSearch;Time[s]:20;Neighbourhood:SWAP;Diversification:OFF;Size:443;Road:7539;BestRoad:2720;RelativeError[%]:1.7716911764705883
Algorithm:TabuSearch;Time[s]:30;Neighbourhood:SWAP;Diversification:OFF;Size:443;Road:7037;BestRoad:2720;RelativeError[%]:1.5871323529411765
Algorithm:TabuSearch;Time[s]:30;Neighbourhood:SWAP;Diversification:OFF;Size:443;Road:7037;BestRoad:2720;RelativeError[%]:1.5871323529411765
Algorithm:TabuSearch;Time[s]:30;Neighbourhood:SWAP;Diversification:OFF;Size:443;Road:7037;BestRoad:2720;RelativeError[%]:1.5871323529411765
Algorithm:TabuSearch;Time[s]:30;Neighbourhood:SWAP;Diversification:OFF;Size:443;Road:7040;BestRoad:2720;RelativeError[%]:1.588235294117647
Algorithm:TabuSearch;Time[s]:30;Neighbourhood:SWAP;Diversification:OFF;Size:443;Road:7095;BestRoad:2720;RelativeError[%]:1.6084558823529411
Algorithm:TabuSearch;Time[s]:40;Neighbourhood:SWAP;Diversification:OFF;Size:443;Road:6566;BestRoad:2720;RelativeError[%]:1.4139705882352942
Algorithm:TabuSearch;Time[s]:40;Neighbourhood:SWAP;Diversification:OFF;Size:443;Road:6569;BestRoad:2720;RelativeError[%]:1.4150735294117647
Algorithm:TabuSearch;Time[s]:40;Neighbourhood:SWAP;Diversification:OFF;Size:443;Road:6564;BestRoad:2720;RelativeError[%]:1.4132352941176471
Algorithm:TabuSearch;Time[s]:40;Neighbourhood:SWAP;Diversification:OFF;Size:443;Road:6569;BestRoad:2720;RelativeError[%]:1.4150735294117647
Algorithm:TabuSearch;Time[s]:40;Neighbourhood:SWAP;Diversification:OFF;Size:443;Road:6584;BestRoad:2720;RelativeError[%]:1.4205882352941177
Algorithm:TabuSearch;Time[s]:50;Neighbourhood:SWAP;Diversification:OFF;Size:443;Road:6203;BestRoad:2720;RelativeError[%]:1.280514705882353
Algorithm:TabuSearch;Time[s]:50;Neighbourhood:SWAP;Diversification:OFF;Size:443;Road:6235;BestRoad:2720;RelativeError[%]:1.2922794117647058
Algorithm:TabuSearch;Time[s]:50;Neighbourhood:SWAP;Diversification:OFF;Size:443;Road:6196;BestRoad:2720;RelativeError[%]:1.2779411764705881
Algorithm:TabuSearch;Time[s]:50;Neighbourhood:SWAP;Diversification:OFF;Size:443;Road:6196;BestRoad:2720;RelativeError[%]:1.2779411764705881
Algorithm:TabuSearch;Time[s]:50;Neighbourhood:SWAP;Diversification:OFF;Size:443;Road:6206;BestRoad:2720;RelativeError[%]:1.2816176470588236
Algorithm:TabuSearch;Time[s]:10;Neighbourhood:REVERSE;Diversification:OFF;Size:443;Road:8076;BestRoad:2720;RelativeError[%]:1.9691176470588236
Algorithm:TabuSearch;Time[s]:10;Neighbourhood:REVERSE;Diversification:OFF;Size:443;Road:8076;BestRoad:2720;RelativeError[%]:1.9691176470588236
Algorithm:TabuSearch;Time[s]:10;Neighbourhood:REVERSE;Diversification:OFF;Size:443;Road:8074;BestRoad:2720;RelativeError[%]:1.9683823529411764
Algorithm:TabuSearch;Time[s]:10;Neighbourhood:REVERSE;Diversification:OFF;Size:443;Road:8076;BestRoad:2720;RelativeError[%]:1.9691176470588236
Algorithm:TabuSearch;Time[s]:10;Neighbourhood:REVERSE;Diversification:OFF;Size:443;Road:8071;BestRoad:2720;RelativeError[%]:1.9672794117647059
Algorithm:TabuSearch;Time[s]:20;Neighbourhood:REVERSE;Diversification:OFF;Size:443;Road:7532;BestRoad:2720;RelativeError[%]:1.7691176470588235
Algorithm:TabuSearch;Time[s]:20;Neighbourhood:REVERSE;Diversification:OFF;Size:443;Road:7536;BestRoad:2720;RelativeError[%]:1.7705882352941176
Algorithm:TabuSearch;Time[s]:20;Neighbourhood:REVERSE;Diversification:OFF;Size:443;Road:7504;BestRoad:2720;RelativeError[%]:1.7588235294117647
Algorithm:TabuSearch;Time[s]:20;Neighbourhood:REVERSE;Diversification:OFF;Size:443;Road:7480;BestRoad:2720;RelativeError[%]:1.75
Algorithm:TabuSearch;Time[s]:20;Neighbourhood:REVERSE;Diversification:OFF;Size:443;Road:7488;BestRoad:2720;RelativeError[%]:1.7529411764705882
Algorithm:TabuSearch;Time[s]:30;Neighbourhood:REVERSE;Diversification:OFF;Size:443;Road:6906;BestRoad:2720;RelativeError[%]:1.5389705882352942
Algorithm:TabuSearch;Time[s]:30;Neighbourhood:REVERSE;Diversification:OFF;Size:443;Road:6899;BestRoad:2720;RelativeError[%]:1.5363970588235294
Algorithm:TabuSearch;Time[s]:30;Neighbourhood:REVERSE;Diversification:OFF;Size:443;Road:6901;BestRoad:2720;RelativeError[%]:1.5371323529411764
Algorithm:TabuSearch;Time[s]:30;Neighbourhood:REVERSE;Diversification:OFF;Size:443;Road:6906;BestRoad:2720;RelativeError[%]:1.5389705882352942
Algorithm:TabuSearch;Time[s]:30;Neighbourhood:REVERSE;Diversification:OFF;Size:443;Road:6899;BestRoad:2720;RelativeError[%]:1.5363970588235294
Algorithm:TabuSearch;Time[s]:40;Neighbourhood:REVERSE;Diversification:OFF;Size:443;Road:6456;BestRoad:2720;RelativeError[%]:1.3735294117647059
Algorithm:TabuSearch;Time[s]:40;Neighbourhood:REVERSE;Diversification:OFF;Size:443;Road:6464;BestRoad:2720;RelativeError[%]:1.3764705882352941
Algorithm:TabuSearch;Time[s]:40;Neighbourhood:REVERSE;Diversification:OFF;Size:443;Road:6460;BestRoad:2720;RelativeError[%]:1.375
Algorithm:TabuSearch;Time[s]:40;Neighbourhood:REVERSE;Diversification:OFF;Size:443;Road:6470;BestRoad:2720;RelativeError[%]:1.3786764705882353
Algorithm:TabuSearch;Time[s]:40;Neighbourhood:REVERSE;Diversification:OFF;Size:443;Road:6460;BestRoad:2720;RelativeError[%]:1.375
Algorithm:TabuSearch;Time[s]:50;Neighbourhood:REVERSE;Diversification:OFF;Size:443;Road:6075;BestRoad:2720;RelativeError[%]:1.2334558823529411
Algorithm:TabuSearch;Time[s]:50;Neighbourhood:REVERSE;Diversification:OFF;Size:443;Road:6074;BestRoad:2720;RelativeError[%]:1.2330882352941177
Algorithm:TabuSearch;Time[s]:50;Neighbourhood:REVERSE;Diversification:OFF;Size:443;Road:6075;BestRoad:2720;RelativeError[%]:1.2334558823529411
Algorithm:TabuSearch;Time[s]:50;Neighbourhood:REVERSE;Diversification:OFF;Size:443;Road:6083;BestRoad:2720;RelativeError[%]:1.2363970588235293
Algorithm:TabuSearch;Time[s]:50;Neighbourhood:REVERSE;Diversification:OFF;Size:443;Road:6093;BestRoad:2720;RelativeError[%]:1.2400735294117646
Algorithm:TabuSearch;Time[s]:10;Neighbourhood:SWAP;Diversification:ON;Size:443;Road:8047;BestRoad:2720;RelativeError[%]:1.9584558823529412
Algorithm:TabuSearch;Time[s]:10;Neighbourhood:SWAP;Diversification:ON;Size:443;Road:8028;BestRoad:2720;RelativeError[%]:1.951470588235294
Algorithm:TabuSearch;Time[s]:10;Neighbourhood:SWAP;Diversification:ON;Size:443;Road:8028;BestRoad:2720;RelativeError[%]:1.951470588235294
Algorithm:TabuSearch;Time[s]:10;Neighbourhood:SWAP;Diversification:ON;Size:443;Road:8028;BestRoad:2720;RelativeError[%]:1.951470588235294
Algorithm:TabuSearch;Time[s]:10;Neighbourhood:SWAP;Diversification:ON;Size:443;Road:8028;BestRoad:2720;RelativeError[%]:1.951470588235294
Algorithm:TabuSearch;Time[s]:20;Neighbourhood:SWAP;Diversification:ON;Size:443;Road:7539;BestRoad:2720;RelativeError[%]:1.7716911764705883
Algorithm:TabuSearch;Time[s]:20;Neighbourhood:SWAP;Diversification:ON;Size:443;Road:7533;BestRoad:2720;RelativeError[%]:1.769485294117647
Algorithm:TabuSearch;Time[s]:20;Neighbourhood:SWAP;Diversification:ON;Size:443;Road:7539;BestRoad:2720;RelativeError[%]:1.7716911764705883
Algorithm:TabuSearch;Time[s]:20;Neighbourhood:SWAP;Diversification:ON;Size:443;Road:7539;BestRoad:2720;RelativeError[%]:1.7716911764705883
Algorithm:TabuSearch;Time[s]:20;Neighbourhood:SWAP;Diversification:ON;Size:443;Road:7557;BestRoad:2720;RelativeError[%]:1.7783088235294118
Algorithm:TabuSearch;Time[s]:30;Neighbourhood:SWAP;Diversification:ON;Size:443;Road:7037;BestRoad:2720;RelativeError[%]:1.5871323529411765
Algorithm:TabuSearch;Time[s]:30;Neighbourhood:SWAP;Diversification:ON;Size:443;Road:7055;BestRoad:2720;RelativeError[%]:1.59375
Algorithm:TabuSearch;Time[s]:30;Neighbourhood:SWAP;Diversification:ON;Size:443;Road:7040;BestRoad:2720;RelativeError[%]:1.588235294117647
Algorithm:TabuSearch;Time[s]:30;Neighbourhood:SWAP;Diversification:ON;Size:443;Road:7046;BestRoad:2720;RelativeError[%]:1.5904411764705881
Algorithm:TabuSearch;Time[s]:30;Neighbourhood:SWAP;Diversification:ON;Size:443;Road:7062;BestRoad:2720;RelativeError[%]:1.5963235294117648
Algorithm:TabuSearch;Time[s]:40;Neighbourhood:SWAP;Diversification:ON;Size:443;Road:6584;BestRoad:2720;RelativeError[%]:1.4205882352941177
Algorithm:TabuSearch;Time[s]:40;Neighbourhood:SWAP;Diversification:ON;Size:443;Road:6579;BestRoad:2720;RelativeError[%]:1.41875
Algorithm:TabuSearch;Time[s]:40;Neighbourhood:SWAP;Diversification:ON;Size:443;Road:6564;BestRoad:2720;RelativeError[%]:1.4132352941176471
Algorithm:TabuSearch;Time[s]:40;Neighbourhood:SWAP;Diversification:ON;Size:443;Road:6566;BestRoad:2720;RelativeError[%]:1.4139705882352942
Algorithm:TabuSearch;Time[s]:40;Neighbourhood:SWAP;Diversification:ON;Size:443;Road:6566;BestRoad:2720;RelativeError[%]:1.4139705882352942
Algorithm:TabuSearch;Time[s]:50;Neighbourhood:SWAP;Diversification:ON;Size:443;Road:6190;BestRoad:2720;RelativeError[%]:1.275735294117647
Algorithm:TabuSearch;Time[s]:50;Neighbourhood:SWAP;Diversification:ON;Size:443;Road:6143;BestRoad:2720;RelativeError[%]:1.2584558823529413
Algorithm:TabuSearch;Time[s]:50;Neighbourhood:SWAP;Diversification:ON;Size:443;Road:6113;BestRoad:2720;RelativeError[%]:1.2474264705882352
Algorithm:TabuSearch;Time[s]:50;Neighbourhood:SWAP;Diversification:ON;Size:443;Road:6088;BestRoad:2720;RelativeError[%]:1.238235294117647
Algorithm:TabuSearch;Time[s]:50;Neighbourhood:SWAP;Diversification:ON;Size:443;Road:6211;BestRoad:2720;RelativeError[%]:1.2834558823529412
Algorithm:TabuSearch;Time[s]:10;Neighbourhood:REVERSE;Diversification:ON;Size:443;Road:8070;BestRoad:2720;RelativeError[%]:1.9669117647058822
Algorithm:TabuSearch;Time[s]:10;Neighbourhood:REVERSE;Diversification:ON;Size:443;Road:8069;BestRoad:2720;RelativeError[%]:1.9665441176470588
Algorithm:TabuSearch;Time[s]:10;Neighbourhood:REVERSE;Diversification:ON;Size:443;Road:8070;BestRoad:2720;RelativeError[%]:1.9669117647058822
Algorithm:TabuSearch;Time[s]:10;Neighbourhood:REVERSE;Diversification:ON;Size:443;Road:8069;BestRoad:2720;RelativeError[%]:1.9665441176470588
Algorithm:TabuSearch;Time[s]:10;Neighbourhood:REVERSE;Diversification:ON;Size:443;Road:8069;BestRoad:2720;RelativeError[%]:1.9665441176470588
Algorithm:TabuSearch;Time[s]:20;Neighbourhood:REVERSE;Diversification:ON;Size:443;Road:7467;BestRoad:2720;RelativeError[%]:1.745220588235294
Algorithm:TabuSearch;Time[s]:20;Neighbourhood:REVERSE;Diversification:ON;Size:443;Road:7466;BestRoad:2720;RelativeError[%]:1.7448529411764706
Algorithm:TabuSearch;Time[s]:20;Neighbourhood:REVERSE;Diversification:ON;Size:443;Road:7448;BestRoad:2720;RelativeError[%]:1.738235294117647
Algorithm:TabuSearch;Time[s]:20;Neighbourhood:REVERSE;Diversification:ON;Size:443;Road:7448;BestRoad:2720;RelativeError[%]:1.738235294117647
Algorithm:TabuSearch;Time[s]:20;Neighbourhood:REVERSE;Diversification:ON;Size:443;Road:7459;BestRoad:2720;RelativeError[%]:1.7422794117647058
Algorithm:TabuSearch;Time[s]:30;Neighbourhood:REVERSE;Diversification:ON;Size:443;Road:6895;BestRoad:2720;RelativeError[%]:1.5349264705882353
Algorithm:TabuSearch;Time[s]:30;Neighbourhood:REVERSE;Diversification:ON;Size:443;Road:6880;BestRoad:2720;RelativeError[%]:1.5294117647058822
Algorithm:TabuSearch;Time[s]:30;Neighbourhood:REVERSE;Diversification:ON;Size:443;Road:6881;BestRoad:2720;RelativeError[%]:1.5297794117647059
Algorithm:TabuSearch;Time[s]:30;Neighbourhood:REVERSE;Diversification:ON;Size:443;Road:6881;BestRoad:2720;RelativeError[%]:1.5297794117647059
Algorithm:TabuSearch;Time[s]:30;Neighbourhood:REVERSE;Diversification:ON;Size:443;Road:6880;BestRoad:2720;RelativeError[%]:1.5294117647058822
Algorithm:TabuSearch;Time[s]:40;Neighbourhood:REVERSE;Diversification:ON;Size:443;Road:6756;BestRoad:2720;RelativeError[%]:1.4838235294117648
Algorithm:TabuSearch;Time[s]:40;Neighbourhood:REVERSE;Diversification:ON;Size:443;Road:6551;BestRoad:2720;RelativeError[%]:1.4084558823529412
Algorithm:TabuSearch;Time[s]:40;Neighbourhood:REVERSE;Diversification:ON;Size:443;Road:6466;BestRoad:2720;RelativeError[%]:1.3772058823529412
Algorithm:TabuSearch;Time[s]:40;Neighbourhood:REVERSE;Diversification:ON;Size:443;Road:6469;BestRoad:2720;RelativeError[%]:1.3783088235294119
Algorithm:TabuSearch;Time[s]:40;Neighbourhood:REVERSE;Diversification:ON;Size:443;Road:6488;BestRoad:2720;RelativeError[%]:1.3852941176470588
Algorithm:TabuSearch;Time[s]:50;Neighbourhood:REVERSE;Diversification:ON;Size:443;Road:6095;BestRoad:2720;RelativeError[%]:1.2408088235294117
Algorithm:TabuSearch;Time[s]:50;Neighbourhood:REVERSE;Diversification:ON;Size:443;Road:6093;BestRoad:2720;RelativeError[%]:1.2400735294117646
Algorithm:TabuSearch;Time[s]:50;Neighbourhood:REVERSE;Diversification:ON;Size:443;Road:6095;BestRoad:2720;RelativeError[%]:1.2408088235294117
Algorithm:TabuSearch;Time[s]:50;Neighbourhood:REVERSE;Diversification:ON;Size:443;Road:6059;BestRoad:2720;RelativeError[%]:1.2275735294117647
Algorithm:TabuSearch;Time[s]:50;Neighbourhood:REVERSE;Diversification:ON;Size:443;Road:6032;BestRoad:2720;RelativeError[%]:1.2176470588235293
Algorithm:SimulatedAnnealing;Time[s]:10;Neighbourhood:SWAP;Diversification:OFF;Size:171;Road:4295;BestRoad:2755;RelativeError[%]:0.558983666061706
Algorithm:SimulatedAnnealing;Time[s]:10;Neighbourhood:SWAP;Diversification:OFF;Size:171;Road:4579;BestRoad:2755;RelativeError[%]:0.6620689655172414
Algorithm:SimulatedAnnealing;Time[s]:10;Neighbourhood:SWAP;Diversification:OFF;Size:171;Road:4541;BestRoad:2755;RelativeError[%]:0.6482758620689655
Algorithm:SimulatedAnnealing;Time[s]:10;Neighbourhood:SWAP;Diversification:OFF;Size:171;Road:4376;BestRoad:2755;RelativeError[%]:0.5883847549909256
Algorithm:SimulatedAnnealing;Time[s]:10;Neighbourhood:SWAP;Diversification:OFF;Size:171;Road:4602;BestRoad:2755;RelativeError[%]:0.6704174228675136
Algorithm:SimulatedAnnealing;Time[s]:20;Neighbourhood:SWAP;Diversification:OFF;Size:171;Road:4767;BestRoad:2755;RelativeError[%]:0.7303085299455535
Algorithm:SimulatedAnnealing;Time[s]:20;Neighbourhood:SWAP;Diversification:OFF;Size:171;Road:4424;BestRoad:2755;RelativeError[%]:0.6058076225045372
Algorithm:SimulatedAnnealing;Time[s]:20;Neighbourhood:SWAP;Diversification:OFF;Size:171;Road:5088;BestRoad:2755;RelativeError[%]:0.8468239564428313
Algorithm:SimulatedAnnealing;Time[s]:20;Neighbourhood:SWAP;Diversification:OFF;Size:171;Road:4535;BestRoad:2755;RelativeError[%]:0.6460980036297641
Algorithm:SimulatedAnnealing;Time[s]:20;Neighbourhood:SWAP;Diversification:OFF;Size:171;Road:4347;BestRoad:2755;RelativeError[%]:0.5778584392014519
Algorithm:SimulatedAnnealing;Time[s]:30;Neighbourhood:SWAP;Diversification:OFF;Size:171;Road:4605;BestRoad:2755;RelativeError[%]:0.6715063520871143
Algorithm:SimulatedAnnealing;Time[s]:30;Neighbourhood:SWAP;Diversification:OFF;Size:171;Road:4304;BestRoad:2755;RelativeError[%]:0.5622504537205082
Algorithm:SimulatedAnnealing;Time[s]:30;Neighbourhood:SWAP;Diversification:OFF;Size:171;Road:4536;BestRoad:2755;RelativeError[%]:0.6464609800362976
Algorithm:SimulatedAnnealing;Time[s]:30;Neighbourhood:SWAP;Diversification:OFF;Size:171;Road:4713;BestRoad:2755;RelativeError[%]:0.7107078039927405
Algorithm:SimulatedAnnealing;Time[s]:30;Neighbourhood:SWAP;Diversification:OFF;Size:171;Road:4548;BestRoad:2755;RelativeError[%]:0.6508166969147006
Algorithm:SimulatedAnnealing;Time[s]:40;Neighbourhood:SWAP;Diversification:OFF;Size:171;Road:4591;BestRoad:2755;RelativeError[%]:0.6664246823956442
Algorithm:SimulatedAnnealing;Time[s]:40;Neighbourhood:SWAP;Diversification:OFF;Size:171;Road:4523;BestRoad:2755;RelativeError[%]:0.6417422867513611
Algorithm:SimulatedAnnealing;Time[s]:40;Neighbourhood:SWAP;Diversification:OFF;Size:171;Road:4632;BestRoad:2755;RelativeError[%]:0.6813067150635209
Algorithm:SimulatedAnnealing;Time[s]:40;Neighbourhood:SWAP;Diversification:OFF;Size:171;Road:4578;BestRoad:2755;RelativeError[%]:0.6617059891107078
Algorithm:SimulatedAnnealing;Time[s]:40;Neighbourhood:SWAP;Diversification:OFF;Size:171;Road:4393;BestRoad:2755;RelativeError[%]:0.5945553539019963
Algorithm:SimulatedAnnealing;Time[s]:50;Neighbourhood:SWAP;Diversification:OFF;Size:171;Road:4770;BestRoad:2755;RelativeError[%]:0.7313974591651543
Algorithm:SimulatedAnnealing;Time[s]:50;Neighbourhood:SWAP;Diversification:OFF;Size:171;Road:4710;BestRoad:2755;RelativeError[%]:0.7096188747731398
Algorithm:SimulatedAnnealing;Time[s]:50;Neighbourhood:SWAP;Diversification:OFF;Size:171;Road:4720;BestRoad:2755;RelativeError[%]:0.7132486388384754
Algorithm:SimulatedAnnealing;Time[s]:50;Neighbourhood:SWAP;Diversification:OFF;Size:171;Road:4431;BestRoad:2755;RelativeError[%]:0.6083484573502722
Algorithm:SimulatedAnnealing;Time[s]:50;Neighbourhood:SWAP;Diversification:OFF;Size:171;Road:4303;BestRoad:2755;RelativeError[%]:0.5618874773139746
Algorithm:SimulatedAnnealing;Time[s]:10;Neighbourhood:REVERSE;Diversification:OFF;Size:171;Road:7146;BestRoad:2755;RelativeError[%]:1.5938294010889291
Algorithm:SimulatedAnnealing;Time[s]:10;Neighbourhood:REVERSE;Diversification:OFF;Size:171;Road:7146;BestRoad:2755;RelativeError[%]:1.5938294010889291
Algorithm:SimulatedAnnealing;Time[s]:10;Neighbourhood:REVERSE;Diversification:OFF;Size:171;Road:7146;BestRoad:2755;RelativeError[%]:1.5938294010889291
Algorithm:SimulatedAnnealing;Time[s]:10;Neighbourhood:REVERSE;Diversification:OFF;Size:171;Road:7029;BestRoad:2755;RelativeError[%]:1.5513611615245009
Algorithm:SimulatedAnnealing;Time[s]:10;Neighbourhood:REVERSE;Diversification:OFF;Size:171;Road:7059;BestRoad:2755;RelativeError[%]:1.5622504537205082
Algorithm:SimulatedAnnealing;Time[s]:20;Neighbourhood:REVERSE;Diversification:OFF;Size:171;Road:7146;BestRoad:2755;RelativeError[%]:1.5938294010889291
Algorithm:SimulatedAnnealing;Time[s]:20;Neighbourhood:REVERSE;Diversification:OFF;Size:171;Road:7146;BestRoad:2755;RelativeError[%]:1.5938294010889291
Algorithm:SimulatedAnnealing;Time[s]:20;Neighbourhood:REVERSE;Diversification:OFF;Size:171;Road:7146;BestRoad:2755;RelativeError[%]:1.5938294010889291
Algorithm:SimulatedAnnealing;Time[s]:20;Neighbourhood:REVERSE;Diversification:OFF;Size:171;Road:7146;BestRoad:2755;RelativeError[%]:1.5938294010889291
Algorithm:SimulatedAnnealing;Time[s]:20;Neighbourhood:REVERSE;Diversification:OFF;Size:171;Road:7146;BestRoad:2755;RelativeError[%]:1.5938294010889291
Algorithm:SimulatedAnnealing;Time[s]:30;Neighbourhood:REVERSE;Diversification:OFF;Size:171;Road:7146;BestRoad:2755;RelativeError[%]:1.5938294010889291
Algorithm:SimulatedAnnealing;Time[s]:30;Neighbourhood:REVERSE;Diversification:OFF;Size:171;Road:7068;BestRoad:2755;RelativeError[%]:1.5655172413793104
Algorithm:SimulatedAnnealing;Time[s]:30;Neighbourhood:REVERSE;Diversification:OFF;Size:171;Road:7146;BestRoad:2755;RelativeError[%]:1.5938294010889291
Algorithm:SimulatedAnnealing;Time[s]:30;Neighbourhood:REVERSE;Diversification:OFF;Size:171;Road:7146;BestRoad:2755;RelativeError[%]:1.5938294010889291
Algorithm:SimulatedAnnealing;Time[s]:30;Neighbourhood:REVERSE;Diversification:OFF;Size:171;Road:7134;BestRoad:2755;RelativeError[%]:1.5894736842105264
Algorithm:SimulatedAnnealing;Time[s]:40;Neighbourhood:REVERSE;Diversification:OFF;Size:171;Road:7146;BestRoad:2755;RelativeError[%]:1.5938294010889291
Algorithm:SimulatedAnnealing;Time[s]:40;Neighbourhood:REVERSE;Diversification:OFF;Size:171;Road:7146;BestRoad:2755;RelativeError[%]:1.5938294010889291
Algorithm:SimulatedAnnealing;Time[s]:40;Neighbourhood:REVERSE;Diversification:OFF;Size:171;Road:7034;BestRoad:2755;RelativeError[%]:1.5531760435571689
Algorithm:SimulatedAnnealing;Time[s]:40;Neighbourhood:REVERSE;Diversification:OFF;Size:171;Road:7146;BestRoad:2755;RelativeError[%]:1.5938294010889291
Algorithm:SimulatedAnnealing;Time[s]:40;Neighbourhood:REVERSE;Diversification:OFF;Size:171;Road:7146;BestRoad:2755;RelativeError[%]:1.5938294010889291
Algorithm:SimulatedAnnealing;Time[s]:50;Neighbourhood:REVERSE;Diversification:OFF;Size:171;Road:7146;BestRoad:2755;RelativeError[%]:1.5938294010889291
Algorithm:SimulatedAnnealing;Time[s]:50;Neighbourhood:REVERSE;Diversification:OFF;Size:171;Road:7146;BestRoad:2755;RelativeError[%]:1.5938294010889291
Algorithm:SimulatedAnnealing;Time[s]:50;Neighbourhood:REVERSE;Diversification:OFF;Size:171;Road:7146;BestRoad:2755;RelativeError[%]:1.5938294010889291
Algorithm:SimulatedAnnealing;Time[s]:50;Neighbourhood:REVERSE;Diversification:OFF;Size:171;Road:7146;BestRoad:2755;RelativeError[%]:1.5938294010889291
Algorithm:SimulatedAnnealing;Time[s]:50;Neighbourhood:REVERSE;Diversification:OFF;Size:171;Road:6979;BestRoad:2755;RelativeError[%]:1.5332123411978222
Algorithm:TabuSearch;Time[s]:10;Neighbourhood:SWAP;Diversification:OFF;Size:171;Road:4536;BestRoad:2755;RelativeError[%]:0.6464609800362976
Algorithm:TabuSearch;Time[s]:10;Neighbourhood:SWAP;Diversification:OFF;Size:171;Road:4536;BestRoad:2755;RelativeError[%]:0.6464609800362976
Algorithm:TabuSearch;Time[s]:10;Neighbourhood:SWAP;Diversification:OFF;Size:171;Road:4536;BestRoad:2755;RelativeError[%]:0.6464609800362976
Algorithm:TabuSearch;Time[s]:10;Neighbourhood:SWAP;Diversification:OFF;Size:171;Road:4536;BestRoad:2755;RelativeError[%]:0.6464609800362976
Algorithm:TabuSearch;Time[s]:10;Neighbourhood:SWAP;Diversification:OFF;Size:171;Road:4536;BestRoad:2755;RelativeError[%]:0.6464609800362976
Algorithm:TabuSearch;Time[s]:20;Neighbourhood:SWAP;Diversification:OFF;Size:171;Road:4536;BestRoad:2755;RelativeError[%]:0.6464609800362976
Algorithm:TabuSearch;Time[s]:20;Neighbourhood:SWAP;Diversification:OFF;Size:171;Road:4536;BestRoad:2755;RelativeError[%]:0.6464609800362976
Algorithm:TabuSearch;Time[s]:20;Neighbourhood:SWAP;Diversification:OFF;Size:171;Road:4536;BestRoad:2755;RelativeError[%]:0.6464609800362976
Algorithm:TabuSearch;Time[s]:20;Neighbourhood:SWAP;Diversification:OFF;Size:171;Road:4536;BestRoad:2755;RelativeError[%]:0.6464609800362976
Algorithm:TabuSearch;Time[s]:20;Neighbourhood:SWAP;Diversification:OFF;Size:171;Road:4536;BestRoad:2755;RelativeError[%]:0.6464609800362976
Algorithm:TabuSearch;Time[s]:30;Neighbourhood:SWAP;Diversification:OFF;Size:171;Road:4536;BestRoad:2755;RelativeError[%]:0.6464609800362976
Algorithm:TabuSearch;Time[s]:30;Neighbourhood:SWAP;Diversification:OFF;Size:171;Road:4536;BestRoad:2755;RelativeError[%]:0.6464609800362976
Algorithm:TabuSearch;Time[s]:30;Neighbourhood:SWAP;Diversification:OFF;Size:171;Road:4536;BestRoad:2755;RelativeError[%]:0.6464609800362976
Algorithm:TabuSearch;Time[s]:30;Neighbourhood:SWAP;Diversification:OFF;Size:171;Road:4536;BestRoad:2755;RelativeError[%]:0.6464609800362976
Algorithm:TabuSearch;Time[s]:30;Neighbourhood:SWAP;Diversification:OFF;Size:171;Road:4536;BestRoad:2755;RelativeError[%]:0.6464609800362976
Algorithm:TabuSearch;Time[s]:40;Neighbourhood:SWAP;Diversification:OFF;Size:171;Road:4536;BestRoad:2755;RelativeError[%]:0.6464609800362976
Algorithm:TabuSearch;Time[s]:40;Neighbourhood:SWAP;Diversification:OFF;Size:171;Road:4536;BestRoad:2755;RelativeError[%]:0.6464609800362976
Algorithm:TabuSearch;Time[s]:40;Neighbourhood:SWAP;Diversification:OFF;Size:171;Road:4536;BestRoad:2755;RelativeError[%]:0.6464609800362976
Algorithm:TabuSearch;Time[s]:40;Neighbourhood:SWAP;Diversification:OFF;Size:171;Road:4536;BestRoad:2755;RelativeError[%]:0.6464609800362976
Algorithm:TabuSearch;Time[s]:40;Neighbourhood:SWAP;Diversification:OFF;Size:171;Road:4536;BestRoad:2755;RelativeError[%]:0.6464609800362976
Algorithm:TabuSearch;Time[s]:50;Neighbourhood:SWAP;Diversification:OFF;Size:171;Road:4536;BestRoad:2755;RelativeError[%]:0.6464609800362976
Algorithm:TabuSearch;Time[s]:50;Neighbourhood:SWAP;Diversification:OFF;Size:171;Road:4536;BestRoad:2755;RelativeError[%]:0.6464609800362976
Algorithm:TabuSearch;Time[s]:50;Neighbourhood:SWAP;Diversification:OFF;Size:171;Road:4536;BestRoad:2755;RelativeError[%]:0.6464609800362976
Algorithm:TabuSearch;Time[s]:50;Neighbourhood:SWAP;Diversification:OFF;Size:171;Road:4536;BestRoad:2755;RelativeError[%]:0.6464609800362976
Algorithm:TabuSearch;Time[s]:50;Neighbourhood:SWAP;Diversification:OFF;Size:171;Road:4536;BestRoad:2755;RelativeError[%]:0.6464609800362976
Algorithm:TabuSearch;Time[s]:10;Neighbourhood:REVERSE;Diversification:OFF;Size:171;Road:5144;BestRoad:2755;RelativeError[%]:0.8671506352087114
Algorithm:TabuSearch;Time[s]:10;Neighbourhood:REVERSE;Diversification:OFF;Size:171;Road:5144;BestRoad:2755;RelativeError[%]:0.8671506352087114
Algorithm:TabuSearch;Time[s]:10;Neighbourhood:REVERSE;Diversification:OFF;Size:171;Road:5144;BestRoad:2755;RelativeError[%]:0.8671506352087114
Algorithm:TabuSearch;Time[s]:10;Neighbourhood:REVERSE;Diversification:OFF;Size:171;Road:5144;BestRoad:2755;RelativeError[%]:0.8671506352087114
Algorithm:TabuSearch;Time[s]:10;Neighbourhood:REVERSE;Diversification:OFF;Size:171;Road:5144;BestRoad:2755;RelativeError[%]:0.8671506352087114
Algorithm:TabuSearch;Time[s]:20;Neighbourhood:REVERSE;Diversification:OFF;Size:171;Road:5144;BestRoad:2755;RelativeError[%]:0.8671506352087114
Algorithm:TabuSearch;Time[s]:20;Neighbourhood:REVERSE;Diversification:OFF;Size:171;Road:5144;BestRoad:2755;RelativeError[%]:0.8671506352087114
Algorithm:TabuSearch;Time[s]:20;Neighbourhood:REVERSE;Diversification:OFF;Size:171;Road:5144;BestRoad:2755;RelativeError[%]:0.8671506352087114
Algorithm:TabuSearch;Time[s]:20;Neighbourhood:REVERSE;Diversification:OFF;Size:171;Road:5144;BestRoad:2755;RelativeError[%]:0.8671506352087114
Algorithm:TabuSearch;Time[s]:20;Neighbourhood:REVERSE;Diversification:OFF;Size:171;Road:5144;BestRoad:2755;RelativeError[%]:0.8671506352087114
Algorithm:TabuSearch;Time[s]:30;Neighbourhood:REVERSE;Diversification:OFF;Size:171;Road:5144;BestRoad:2755;RelativeError[%]:0.8671506352087114
Algorithm:TabuSearch;Time[s]:30;Neighbourhood:REVERSE;Diversification:OFF;Size:171;Road:5144;BestRoad:2755;RelativeError[%]:0.8671506352087114
Algorithm:TabuSearch;Time[s]:30;Neighbourhood:REVERSE;Diversification:OFF;Size:171;Road:5144;BestRoad:2755;RelativeError[%]:0.8671506352087114
Algorithm:TabuSearch;Time[s]:30;Neighbourhood:REVERSE;Diversification:OFF;Size:171;Road:5144;BestRoad:2755;RelativeError[%]:0.8671506352087114
Algorithm:TabuSearch;Time[s]:30;Neighbourhood:REVERSE;Diversification:OFF;Size:171;Road:5144;BestRoad:2755;RelativeError[%]:0.8671506352087114
Algorithm:TabuSearch;Time[s]:40;Neighbourhood:REVERSE;Diversification:OFF;Size:171;Road:5144;BestRoad:2755;RelativeError[%]:0.8671506352087114
Algorithm:TabuSearch;Time[s]:40;Neighbourhood:REVERSE;Diversification:OFF;Size:171;Road:5144;BestRoad:2755;RelativeError[%]:0.8671506352087114
Algorithm:TabuSearch;Time[s]:40;Neighbourhood:REVERSE;Diversification:OFF;Size:171;Road:5144;BestRoad:2755;RelativeError[%]:0.8671506352087114
Algorithm:TabuSearch;Time[s]:40;Neighbourhood:REVERSE;Diversification:OFF;Size:171;Road:5144;BestRoad:2755;RelativeError[%]:0.8671506352087114
Algorithm:TabuSearch;Time[s]:40;Neighbourhood:REVERSE;Diversification:OFF;Size:171;Road:5144;BestRoad:2755;RelativeError[%]:0.8671506352087114
Algorithm:TabuSearch;Time[s]:50;Neighbourhood:REVERSE;Diversification:OFF;Size:171;Road:5144;BestRoad:2755;RelativeError[%]:0.8671506352087114
Algorithm:TabuSearch;Time[s]:50;Neighbourhood:REVERSE;Diversification:OFF;Size:171;Road:5144;BestRoad:2755;RelativeError[%]:0.8671506352087114
Algorithm:TabuSearch;Time[s]:50;Neighbourhood:REVERSE;Diversification:OFF;Size:171;Road:5144;BestRoad:2755;RelativeError[%]:0.8671506352087114
Algorithm:TabuSearch;Time[s]:50;Neighbourhood:REVERSE;Diversification:OFF;Size:171;Road:5144;BestRoad:2755;RelativeError[%]:0.8671506352087114
Algorithm:TabuSearch;Time[s]:50;Neighbourhood:REVERSE;Diversification:OFF;Size:171;Road:5144;BestRoad:2755;RelativeError[%]:0.8671506352087114
Algorithm:TabuSearch;Time[s]:10;Neighbourhood:SWAP;Diversification:ON;Size:171;Road:4536;BestRoad:2755;RelativeError[%]:0.6464609800362976
Algorithm:TabuSearch;Time[s]:10;Neighbourhood:SWAP;Diversification:ON;Size:171;Road:4536;BestRoad:2755;RelativeError[%]:0.6464609800362976
Algorithm:TabuSearch;Time[s]:10;Neighbourhood:SWAP;Diversification:ON;Size:171;Road:4536;BestRoad:2755;RelativeError[%]:0.6464609800362976
Algorithm:TabuSearch;Time[s]:10;Neighbourhood:SWAP;Diversification:ON;Size:171;Road:4536;BestRoad:2755;RelativeError[%]:0.6464609800362976
Algorithm:TabuSearch;Time[s]:10;Neighbourhood:SWAP;Diversification:ON;Size:171;Road:4536;BestRoad:2755;RelativeError[%]:0.6464609800362976
Algorithm:TabuSearch;Time[s]:20;Neighbourhood:SWAP;Diversification:ON;Size:171;Road:4536;BestRoad:2755;RelativeError[%]:0.6464609800362976
Algorithm:TabuSearch;Time[s]:20;Neighbourhood:SWAP;Diversification:ON;Size:171;Road:4536;BestRoad:2755;RelativeError[%]:0.6464609800362976
Algorithm:TabuSearch;Time[s]:20;Neighbourhood:SWAP;Diversification:ON;Size:171;Road:4536;BestRoad:2755;RelativeError[%]:0.6464609800362976
Algorithm:TabuSearch;Time[s]:20;Neighbourhood:SWAP;Diversification:ON;Size:171;Road:4536;BestRoad:2755;RelativeError[%]:0.6464609800362976
Algorithm:TabuSearch;Time[s]:20;Neighbourhood:SWAP;Diversification:ON;Size:171;Road:4536;BestRoad:2755;RelativeError[%]:0.6464609800362976
Algorithm:TabuSearch;Time[s]:30;Neighbourhood:SWAP;Diversification:ON;Size:171;Road:4536;BestRoad:2755;RelativeError[%]:0.6464609800362976
Algorithm:TabuSearch;Time[s]:30;Neighbourhood:SWAP;Diversification:ON;Size:171;Road:4536;BestRoad:2755;RelativeError[%]:0.6464609800362976
Algorithm:TabuSearch;Time[s]:30;Neighbourhood:SWAP;Diversification:ON;Size:171;Road:4536;BestRoad:2755;RelativeError[%]:0.6464609800362976
Algorithm:TabuSearch;Time[s]:30;Neighbourhood:SWAP;Diversification:ON;Size:171;Road:4536;BestRoad:2755;RelativeError[%]:0.6464609800362976
Algorithm:TabuSearch;Time[s]:30;Neighbourhood:SWAP;Diversification:ON;Size:171;Road:4536;BestRoad:2755;RelativeError[%]:0.6464609800362976
Algorithm:TabuSearch;Time[s]:40;Neighbourhood:SWAP;Diversification:ON;Size:171;Road:4536;BestRoad:2755;RelativeError[%]:0.6464609800362976
Algorithm:TabuSearch;Time[s]:40;Neighbourhood:SWAP;Diversification:ON;Size:171;Road:4536;BestRoad:2755;RelativeError[%]:0.6464609800362976
Algorithm:TabuSearch;Time[s]:40;Neighbourhood:SWAP;Diversification:ON;Size:171;Road:4536;BestRoad:2755;RelativeError[%]:0.6464609800362976
Algorithm:TabuSearch;Time[s]:40;Neighbourhood:SWAP;Diversification:ON;Size:171;Road:4536;BestRoad:2755;RelativeError[%]:0.6464609800362976
Algorithm:TabuSearch;Time[s]:40;Neighbourhood:SWAP;Diversification:ON;Size:171;Road:4536;BestRoad:2755;RelativeError[%]:0.6464609800362976
Algorithm:TabuSearch;Time[s]:50;Neighbourhood:SWAP;Diversification:ON;Size:171;Road:4536;BestRoad:2755;RelativeError[%]:0.6464609800362976
Algorithm:TabuSearch;Time[s]:50;Neighbourhood:SWAP;Diversification:ON;Size:171;Road:4536;BestRoad:2755;RelativeError[%]:0.6464609800362976
Algorithm:TabuSearch;Time[s]:50;Neighbourhood:SWAP;Diversification:ON;Size:171;Road:4536;BestRoad:2755;RelativeError[%]:0.6464609800362976
Algorithm:TabuSearch;Time[s]:50;Neighbourhood:SWAP;Diversification:ON;Size:171;Road:4536;BestRoad:2755;RelativeError[%]:0.6464609800362976
Algorithm:TabuSearch;Time[s]:50;Neighbourhood:SWAP;Diversification:ON;Size:171;Road:4536;BestRoad:2755;RelativeError[%]:0.6464609800362976
Algorithm:TabuSearch;Time[s]:10;Neighbourhood:REVERSE;Diversification:ON;Size:171;Road:5144;BestRoad:2755;RelativeError[%]:0.8671506352087114
Algorithm:TabuSearch;Time[s]:10;Neighbourhood:REVERSE;Diversification:ON;Size:171;Road:5144;BestRoad:2755;RelativeError[%]:0.8671506352087114
Algorithm:TabuSearch;Time[s]:10;Neighbourhood:REVERSE;Diversification:ON;Size:171;Road:5144;BestRoad:2755;RelativeError[%]:0.8671506352087114
Algorithm:TabuSearch;Time[s]:10;Neighbourhood:REVERSE;Diversification:ON;Size:171;Road:5144;BestRoad:2755;RelativeError[%]:0.8671506352087114
Algorithm:TabuSearch;Time[s]:10;Neighbourhood:REVERSE;Diversification:ON;Size:171;Road:5144;BestRoad:2755;RelativeError[%]:0.8671506352087114
Algorithm:TabuSearch;Time[s]:20;Neighbourhood:REVERSE;Diversification:ON;Size:171;Road:5144;BestRoad:2755;RelativeError[%]:0.8671506352087114
Algorithm:TabuSearch;Time[s]:20;Neighbourhood:REVERSE;Diversification:ON;Size:171;Road:5144;BestRoad:2755;RelativeError[%]:0.8671506352087114
Algorithm:TabuSearch;Time[s]:20;Neighbourhood:REVERSE;Diversification:ON;Size:171;Road:5144;BestRoad:2755;RelativeError[%]:0.8671506352087114
Algorithm:TabuSearch;Time[s]:20;Neighbourhood:REVERSE;Diversification:ON;Size:171;Road:5144;BestRoad:2755;RelativeError[%]:0.8671506352087114
Algorithm:TabuSearch;Time[s]:20;Neighbourhood:REVERSE;Diversification:ON;Size:171;Road:5144;BestRoad:2755;RelativeError[%]:0.8671506352087114
Algorithm:TabuSearch;Time[s]:30;Neighbourhood:REVERSE;Diversification:ON;Size:171;Road:5144;BestRoad:2755;RelativeError[%]:0.8671506352087114
Algorithm:TabuSearch;Time[s]:30;Neighbourhood:REVERSE;Diversification:ON;Size:171;Road:5144;BestRoad:2755;RelativeError[%]:0.8671506352087114
Algorithm:TabuSearch;Time[s]:30;Neighbourhood:REVERSE;Diversification:ON;Size:171;Road:5144;BestRoad:2755;RelativeError[%]:0.8671506352087114
Algorithm:TabuSearch;Time[s]:30;Neighbourhood:REVERSE;Diversification:ON;Size:171;Road:5144;BestRoad:2755;RelativeError[%]:0.8671506352087114
Algorithm:TabuSearch;Time[s]:30;Neighbourhood:REVERSE;Diversification:ON;Size:171;Road:5144;BestRoad:2755;RelativeError[%]:0.8671506352087114
Algorithm:TabuSearch;Time[s]:40;Neighbourhood:REVERSE;Diversification:ON;Size:171;Road:5144;BestRoad:2755;RelativeError[%]:0.8671506352087114
Algorithm:TabuSearch;Time[s]:40;Neighbourhood:REVERSE;Diversification:ON;Size:171;Road:5144;BestRoad:2755;RelativeError[%]:0.8671506352087114
Algorithm:TabuSearch;Time[s]:40;Neighbourhood:REVERSE;Diversification:ON;Size:171;Road:5144;BestRoad:2755;RelativeError[%]:0.8671506352087114
Algorithm:TabuSearch;Time[s]:40;Neighbourhood:REVERSE;Diversification:ON;Size:171;Road:5144;BestRoad:2755;RelativeError[%]:0.8671506352087114
Algorithm:TabuSearch;Time[s]:40;Neighbourhood:REVERSE;Diversification:ON;Size:171;Road:5144;BestRoad:2755;RelativeError[%]:0.8671506352087114
Algorithm:TabuSearch;Time[s]:50;Neighbourhood:REVERSE;Diversification:ON;Size:171;Road:5144;BestRoad:2755;RelativeError[%]:0.8671506352087114
Algorithm:TabuSearch;Time[s]:50;Neighbourhood:REVERSE;Diversification:ON;Size:171;Road:5144;BestRoad:2755;RelativeError[%]:0.8671506352087114
Algorithm:TabuSearch;Time[s]:50;Neighbourhood:REVERSE;Diversification:ON;Size:171;Road:5144;BestRoad:2755;RelativeError[%]:0.8671506352087114
Algorithm:TabuSearch;Time[s]:50;Neighbourhood:REVERSE;Diversification:ON;Size:171;Road:5144;BestRoad:2755;RelativeError[%]:0.8671506352087114
Algorithm:TabuSearch;Time[s]:50;Neighbourhood:REVERSE;Diversification:ON;Size:171;Road:5144;BestRoad:2755;RelativeError[%]:0.8671506352087114
